Datum,Region_Name,Region_Id,Todesfaelle,Todesfaelle_gesamt
2020-W11,Schleswig-Holstein,01,1,1
2020-W11,Hamburg,02,0,0
2020-W11,Niedersachsen,03,0,0
2020-W11,Bremen,04,0,0
2020-W11,Nordrhein-Westfalen,05,5,5
2020-W11,Hessen,06,0,0
2020-W11,Rheinland-Pfalz,07,0,0
2020-W11,Baden-Württemberg,08,2,2
2020-W11,Bayern,09,1,1
2020-W11,Saarland,10,0,0
2020-W11,Berlin,11,0,0
2020-W11,Brandenburg,12,0,0
2020-W11,Mecklenburg-Vorpommern,13,0,0
2020-W11,Sachsen,14,0,0
2020-W11,Sachsen-Anhalt,15,0,0
2020-W11,Thüringen,16,0,0
2020-W12,Schleswig-Holstein,01,1,2
2020-W12,Hamburg,02,1,1
2020-W12,Niedersachsen,03,1,1
2020-W12,Bremen,04,0,0
2020-W12,Nordrhein-Westfalen,05,1,6
2020-W12,Hessen,06,2,2
2020-W12,Rheinland-Pfalz,07,2,2
2020-W12,Baden-Württemberg,08,19,21
2020-W12,Bayern,09,20,21
2020-W12,Saarland,10,0,0
2020-W12,Berlin,11,1,1
2020-W12,Brandenburg,12,0,0
2020-W12,Mecklenburg-Vorpommern,13,0,0
2020-W12,Sachsen,14,0,0
2020-W12,Sachsen-Anhalt,15,0,0
2020-W12,Thüringen,16,0,0
2020-W13,Schleswig-Holstein,01,3,5
2020-W13,Hamburg,02,5,6
2020-W13,Niedersachsen,03,18,19
2020-W13,Bremen,04,2,2
2020-W13,Nordrhein-Westfalen,05,92,98
2020-W13,Hessen,06,7,9
2020-W13,Rheinland-Pfalz,07,10,12
2020-W13,Baden-Württemberg,08,80,101
2020-W13,Bayern,09,89,110
2020-W13,Saarland,10,2,2
2020-W13,Berlin,11,8,9
2020-W13,Brandenburg,12,1,1
2020-W13,Mecklenburg-Vorpommern,13,1,1
2020-W13,Sachsen,14,9,9
2020-W13,Sachsen-Anhalt,15,2,2
2020-W13,Thüringen,16,5,5
2020-W14,Schleswig-Holstein,01,11,16
2020-W14,Hamburg,02,17,23
2020-W14,Niedersachsen,03,69,88
2020-W14,Bremen,04,4,6
2020-W14,Nordrhein-Westfalen,05,135,233
2020-W14,Hessen,06,47,56
2020-W14,Rheinland-Pfalz,07,20,32
2020-W14,Baden-Württemberg,08,266,367
2020-W14,Bayern,09,281,391
2020-W14,Saarland,10,12,14
2020-W14,Berlin,11,15,24
2020-W14,Brandenburg,12,16,17
2020-W14,Mecklenburg-Vorpommern,13,4,5
2020-W14,Sachsen,14,23,32
2020-W14,Sachsen-Anhalt,15,10,12
2020-W14,Thüringen,16,5,10
2020-W15,Schleswig-Holstein,01,22,38
2020-W15,Hamburg,02,41,64
2020-W15,Niedersachsen,03,96,184
2020-W15,Bremen,04,9,15
2020-W15,Nordrhein-Westfalen,05,248,481
2020-W15,Hessen,06,74,130
2020-W15,Rheinland-Pfalz,07,30,62
2020-W15,Baden-Württemberg,08,281,648
2020-W15,Bayern,09,394,785
2020-W15,Saarland,10,27,41
2020-W15,Berlin,11,27,51
2020-W15,Brandenburg,12,23,40
2020-W15,Mecklenburg-Vorpommern,13,6,11
2020-W15,Sachsen,14,33,65
2020-W15,Sachsen-Anhalt,15,9,21
2020-W15,Thüringen,16,15,25
2020-W16,Schleswig-Holstein,01,21,59
2020-W16,Hamburg,02,37,101
2020-W16,Niedersachsen,03,100,284
2020-W16,Bremen,04,9,24
2020-W16,Nordrhein-Westfalen,05,322,803
2020-W16,Hessen,06,100,230
2020-W16,Rheinland-Pfalz,07,41,103
2020-W16,Baden-Württemberg,08,318,966
2020-W16,Bayern,09,463,1248
2020-W16,Saarland,10,46,87
2020-W16,Berlin,11,40,91
2020-W16,Brandenburg,12,28,68
2020-W16,Mecklenburg-Vorpommern,13,4,15
2020-W16,Sachsen,14,41,106
2020-W16,Sachsen-Anhalt,15,8,29
2020-W16,Thüringen,16,29,54
2020-W17,Schleswig-Holstein,01,32,91
2020-W17,Hamburg,02,50,151
2020-W17,Niedersachsen,03,100,384
2020-W17,Bremen,04,3,27
2020-W17,Nordrhein-Westfalen,05,290,1093
2020-W17,Hessen,06,83,313
2020-W17,Rheinland-Pfalz,07,40,143
2020-W17,Baden-Württemberg,08,270,1236
2020-W17,Bayern,09,347,1595
2020-W17,Saarland,10,15,102
2020-W17,Berlin,11,28,119
2020-W17,Brandenburg,12,34,102
2020-W17,Mecklenburg-Vorpommern,13,1,16
2020-W17,Sachsen,14,41,147
2020-W17,Sachsen-Anhalt,15,6,35
2020-W17,Thüringen,16,20,74
2020-W18,Schleswig-Holstein,01,15,106
2020-W18,Hamburg,02,30,181
2020-W18,Niedersachsen,03,69,453
2020-W18,Bremen,04,3,30
2020-W18,Nordrhein-Westfalen,05,187,1280
2020-W18,Hessen,06,54,367
2020-W18,Rheinland-Pfalz,07,28,171
2020-W18,Baden-Württemberg,08,173,1409
2020-W18,Bayern,09,304,1899
2020-W18,Saarland,10,32,134
2020-W18,Berlin,11,29,148
2020-W18,Brandenburg,12,22,124
2020-W18,Mecklenburg-Vorpommern,13,2,18
2020-W18,Sachsen,14,19,166
2020-W18,Sachsen-Anhalt,15,8,43
2020-W18,Thüringen,16,19,93
2020-W19,Schleswig-Holstein,01,10,116
2020-W19,Hamburg,02,35,216
2020-W19,Niedersachsen,03,44,497
2020-W19,Bremen,04,2,32
2020-W19,Nordrhein-Westfalen,05,134,1414
2020-W19,Hessen,06,42,409
2020-W19,Rheinland-Pfalz,07,19,190
2020-W19,Baden-Württemberg,08,131,1540
2020-W19,Bayern,09,226,2125
2020-W19,Saarland,10,8,142
2020-W19,Berlin,11,11,159
2020-W19,Brandenburg,12,13,137
2020-W19,Mecklenburg-Vorpommern,13,1,19
2020-W19,Sachsen,14,22,188
2020-W19,Sachsen-Anhalt,15,4,47
2020-W19,Thüringen,16,24,117
2020-W20,Schleswig-Holstein,01,3,119
2020-W20,Hamburg,02,16,232
2020-W20,Niedersachsen,03,42,539
2020-W20,Bremen,04,4,36
2020-W20,Nordrhein-Westfalen,05,80,1494
2020-W20,Hessen,06,25,434
2020-W20,Rheinland-Pfalz,07,21,211
2020-W20,Baden-Württemberg,08,100,1640
2020-W20,Bayern,09,136,2261
2020-W20,Saarland,10,7,149
2020-W20,Berlin,11,16,175
2020-W20,Brandenburg,12,13,150
2020-W20,Mecklenburg-Vorpommern,13,1,20
2020-W20,Sachsen,14,9,197
2020-W20,Sachsen-Anhalt,15,6,53
2020-W20,Thüringen,16,21,138
2020-W21,Schleswig-Holstein,01,11,130
2020-W21,Hamburg,02,9,241
2020-W21,Niedersachsen,03,26,565
2020-W21,Bremen,04,4,40
2020-W21,Nordrhein-Westfalen,05,61,1555
2020-W21,Hessen,06,24,458
2020-W21,Rheinland-Pfalz,07,10,221
2020-W21,Baden-Württemberg,08,48,1688
2020-W21,Bayern,09,91,2352
2020-W21,Saarland,10,8,157
2020-W21,Berlin,11,10,185
2020-W21,Brandenburg,12,5,155
2020-W21,Mecklenburg-Vorpommern,13,0,20
2020-W21,Sachsen,14,8,205
2020-W21,Sachsen-Anhalt,15,0,53
2020-W21,Thüringen,16,14,152
2020-W22,Schleswig-Holstein,01,8,138
2020-W22,Hamburg,02,11,252
2020-W22,Niedersachsen,03,22,587
2020-W22,Bremen,04,2,42
2020-W22,Nordrhein-Westfalen,05,33,1588
2020-W22,Hessen,06,17,475
2020-W22,Rheinland-Pfalz,07,3,224
2020-W22,Baden-Württemberg,08,51,1739
2020-W22,Bayern,09,76,2428
2020-W22,Saarland,10,6,163
2020-W22,Berlin,11,7,192
2020-W22,Brandenburg,12,2,157
2020-W22,Mecklenburg-Vorpommern,13,0,20
2020-W22,Sachsen,14,9,214
2020-W22,Sachsen-Anhalt,15,1,54
2020-W22,Thüringen,16,9,161
2020-W23,Schleswig-Holstein,01,2,140
2020-W23,Hamburg,02,2,254
2020-W23,Niedersachsen,03,13,600
2020-W23,Bremen,04,3,45
2020-W23,Nordrhein-Westfalen,05,29,1617
2020-W23,Hessen,06,7,482
2020-W23,Rheinland-Pfalz,07,0,224
2020-W23,Baden-Württemberg,08,40,1779
2020-W23,Bayern,09,49,2477
2020-W23,Saarland,10,3,166
2020-W23,Berlin,11,7,199
2020-W23,Brandenburg,12,3,160
2020-W23,Mecklenburg-Vorpommern,13,0,20
2020-W23,Sachsen,14,3,217
2020-W23,Sachsen-Anhalt,15,1,55
2020-W23,Thüringen,16,9,170
2020-W24,Schleswig-Holstein,01,4,144
2020-W24,Hamburg,02,1,255
2020-W24,Niedersachsen,03,8,608
2020-W24,Bremen,04,2,47
2020-W24,Nordrhein-Westfalen,05,20,1637
2020-W24,Hessen,06,7,489
2020-W24,Rheinland-Pfalz,07,0,224
2020-W24,Baden-Württemberg,08,13,1792
2020-W24,Bayern,09,40,2517
2020-W24,Saarland,10,2,168
2020-W24,Berlin,11,3,202
2020-W24,Brandenburg,12,3,163
2020-W24,Mecklenburg-Vorpommern,13,0,20
2020-W24,Sachsen,14,5,222
2020-W24,Sachsen-Anhalt,15,1,56
2020-W24,Thüringen,16,4,174
2020-W25,Schleswig-Holstein,01,1,145
2020-W25,Hamburg,02,4,259
2020-W25,Niedersachsen,03,4,612
2020-W25,Bremen,04,3,50
2020-W25,Nordrhein-Westfalen,05,17,1654
2020-W25,Hessen,06,9,498
2020-W25,Rheinland-Pfalz,07,3,227
2020-W25,Baden-Württemberg,08,19,1811
2020-W25,Bayern,09,31,2548
2020-W25,Saarland,10,0,168
2020-W25,Berlin,11,3,205
2020-W25,Brandenburg,12,0,163
2020-W25,Mecklenburg-Vorpommern,13,0,20
2020-W25,Sachsen,14,1,223
2020-W25,Sachsen-Anhalt,15,0,56
2020-W25,Thüringen,16,4,178
2020-W26,Schleswig-Holstein,01,0,145
2020-W26,Hamburg,02,0,259
2020-W26,Niedersachsen,03,10,622
2020-W26,Bremen,04,1,51
2020-W26,Nordrhein-Westfalen,05,9,1663
2020-W26,Hessen,06,4,502
2020-W26,Rheinland-Pfalz,07,1,228
2020-W26,Baden-Württemberg,08,8,1819
2020-W26,Bayern,09,29,2577
2020-W26,Saarland,10,4,172
2020-W26,Berlin,11,2,207
2020-W26,Brandenburg,12,2,165
2020-W26,Mecklenburg-Vorpommern,13,0,20
2020-W26,Sachsen,14,1,224
2020-W26,Sachsen-Anhalt,15,1,57
2020-W26,Thüringen,16,3,181
2020-W27,Schleswig-Holstein,01,0,145
2020-W27,Hamburg,02,1,260
2020-W27,Niedersachsen,03,8,630
2020-W27,Bremen,04,3,54
2020-W27,Nordrhein-Westfalen,05,14,1677
2020-W27,Hessen,06,6,508
2020-W27,Rheinland-Pfalz,07,0,228
2020-W27,Baden-Württemberg,08,8,1827
2020-W27,Bayern,09,7,2584
2020-W27,Saarland,10,1,173
2020-W27,Berlin,11,2,209
2020-W27,Brandenburg,12,1,166
2020-W27,Mecklenburg-Vorpommern,13,0,20
2020-W27,Sachsen,14,2,226
2020-W27,Sachsen-Anhalt,15,1,58
2020-W27,Thüringen,16,0,181
2020-W28,Schleswig-Holstein,01,2,147
2020-W28,Hamburg,02,0,260
2020-W28,Niedersachsen,03,7,637
2020-W28,Bremen,04,2,56
2020-W28,Nordrhein-Westfalen,05,18,1695
2020-W28,Hessen,06,2,510
2020-W28,Rheinland-Pfalz,07,1,229
2020-W28,Baden-Württemberg,08,1,1828
2020-W28,Bayern,09,12,2596
2020-W28,Saarland,10,0,173
2020-W28,Berlin,11,2,211
2020-W28,Brandenburg,12,0,166
2020-W28,Mecklenburg-Vorpommern,13,0,20
2020-W28,Sachsen,14,1,227
2020-W28,Sachsen-Anhalt,15,2,60
2020-W28,Thüringen,16,1,182
2020-W29,Schleswig-Holstein,01,0,147
2020-W29,Hamburg,02,1,261
2020-W29,Niedersachsen,03,2,639
2020-W29,Bremen,04,0,56
2020-W29,Nordrhein-Westfalen,05,7,1702
2020-W29,Hessen,06,0,510
2020-W29,Rheinland-Pfalz,07,2,231
2020-W29,Baden-Württemberg,08,2,1830
2020-W29,Bayern,09,5,2601
2020-W29,Saarland,10,0,173
2020-W29,Berlin,11,4,215
2020-W29,Brandenburg,12,0,166
2020-W29,Mecklenburg-Vorpommern,13,0,20
2020-W29,Sachsen,14,0,227
2020-W29,Sachsen-Anhalt,15,1,61
2020-W29,Thüringen,16,0,182
2020-W30,Schleswig-Holstein,01,1,148
2020-W30,Hamburg,02,0,261
2020-W30,Niedersachsen,03,3,642
2020-W30,Bremen,04,0,56
2020-W30,Nordrhein-Westfalen,05,16,1718
2020-W30,Hessen,06,4,514
2020-W30,Rheinland-Pfalz,07,0,231
2020-W30,Baden-Württemberg,08,3,1833
2020-W30,Bayern,09,4,2605
2020-W30,Saarland,10,0,173
2020-W30,Berlin,11,2,217
2020-W30,Brandenburg,12,1,167
2020-W30,Mecklenburg-Vorpommern,13,0,20
2020-W30,Sachsen,14,0,227
2020-W30,Sachsen-Anhalt,15,1,62
2020-W30,Thüringen,16,0,182
2020-W31,Schleswig-Holstein,01,1,149
2020-W31,Hamburg,02,0,261
2020-W31,Niedersachsen,03,2,644
2020-W31,Bremen,04,1,57
2020-W31,Nordrhein-Westfalen,05,6,1724
2020-W31,Hessen,06,2,516
2020-W31,Rheinland-Pfalz,07,1,232
2020-W31,Baden-Württemberg,08,6,1839
2020-W31,Bayern,09,3,2608
2020-W31,Saarland,10,0,173
2020-W31,Berlin,11,0,217
2020-W31,Brandenburg,12,0,167
2020-W31,Mecklenburg-Vorpommern,13,0,20
2020-W31,Sachsen,14,0,227
2020-W31,Sachsen-Anhalt,15,1,63
2020-W31,Thüringen,16,0,182
2020-W32,Schleswig-Holstein,01,2,151
2020-W32,Hamburg,02,1,262
2020-W32,Niedersachsen,03,1,645
2020-W32,Bremen,04,0,57
2020-W32,Nordrhein-Westfalen,05,20,1744
2020-W32,Hessen,06,5,521
2020-W32,Rheinland-Pfalz,07,0,232
2020-W32,Baden-Württemberg,08,9,1848
2020-W32,Bayern,09,5,2613
2020-W32,Saarland,10,0,173
2020-W32,Berlin,11,1,218
2020-W32,Brandenburg,12,1,168
2020-W32,Mecklenburg-Vorpommern,13,0,20
2020-W32,Sachsen,14,0,227
2020-W32,Sachsen-Anhalt,15,0,63
2020-W32,Thüringen,16,1,183
2020-W33,Schleswig-Holstein,01,0,151
2020-W33,Hamburg,02,2,264
2020-W33,Niedersachsen,03,2,647
2020-W33,Bremen,04,0,57
2020-W33,Nordrhein-Westfalen,05,16,1760
2020-W33,Hessen,06,1,522
2020-W33,Rheinland-Pfalz,07,3,235
2020-W33,Baden-Württemberg,08,1,1849
2020-W33,Bayern,09,5,2618
2020-W33,Saarland,10,0,173
2020-W33,Berlin,11,0,218
2020-W33,Brandenburg,12,0,168
2020-W33,Mecklenburg-Vorpommern,13,0,20
2020-W33,Sachsen,14,0,227
2020-W33,Sachsen-Anhalt,15,0,63
2020-W33,Thüringen,16,3,186
2020-W34,Schleswig-Holstein,01,2,153
2020-W34,Hamburg,02,1,265
2020-W34,Niedersachsen,03,4,651
2020-W34,Bremen,04,0,57
2020-W34,Nordrhein-Westfalen,05,22,1782
2020-W34,Hessen,06,2,524
2020-W34,Rheinland-Pfalz,07,1,236
2020-W34,Baden-Württemberg,08,2,1851
2020-W34,Bayern,09,2,2620
2020-W34,Saarland,10,0,173
2020-W34,Berlin,11,1,219
2020-W34,Brandenburg,12,0,168
2020-W34,Mecklenburg-Vorpommern,13,0,20
2020-W34,Sachsen,14,0,227
2020-W34,Sachsen-Anhalt,15,1,64
2020-W34,Thüringen,16,0,186
2020-W35,Schleswig-Holstein,01,0,153
2020-W35,Hamburg,02,1,266
2020-W35,Niedersachsen,03,4,655
2020-W35,Bremen,04,0,57
2020-W35,Nordrhein-Westfalen,05,11,1793
2020-W35,Hessen,06,3,527
2020-W35,Rheinland-Pfalz,07,1,237
2020-W35,Baden-Württemberg,08,7,1858
2020-W35,Bayern,09,4,2624
2020-W35,Saarland,10,0,173
2020-W35,Berlin,11,0,219
2020-W35,Brandenburg,12,0,168
2020-W35,Mecklenburg-Vorpommern,13,0,20
2020-W35,Sachsen,14,0,227
2020-W35,Sachsen-Anhalt,15,0,64
2020-W35,Thüringen,16,0,186
2020-W36,Schleswig-Holstein,01,1,154
2020-W36,Hamburg,02,1,267
2020-W36,Niedersachsen,03,3,658
2020-W36,Bremen,04,2,59
2020-W36,Nordrhein-Westfalen,05,13,1806
2020-W36,Hessen,06,4,531
2020-W36,Rheinland-Pfalz,07,0,237
2020-W36,Baden-Württemberg,08,1,1859
2020-W36,Bayern,09,4,2628
2020-W36,Saarland,10,1,174
2020-W36,Berlin,11,0,219
2020-W36,Brandenburg,12,0,168
2020-W36,Mecklenburg-Vorpommern,13,0,20
2020-W36,Sachsen,14,0,227
2020-W36,Sachsen-Anhalt,15,1,65
2020-W36,Thüringen,16,0,186
2020-W37,Schleswig-Holstein,01,0,154
2020-W37,Hamburg,02,1,268
2020-W37,Niedersachsen,03,2,660
2020-W37,Bremen,04,0,59
2020-W37,Nordrhein-Westfalen,05,6,1812
2020-W37,Hessen,06,4,535
2020-W37,Rheinland-Pfalz,07,3,240
2020-W37,Baden-Württemberg,08,3,1862
2020-W37,Bayern,09,3,2631
2020-W37,Saarland,10,0,174
2020-W37,Berlin,11,0,219
2020-W37,Brandenburg,12,0,168
2020-W37,Mecklenburg-Vorpommern,13,0,20
2020-W37,Sachsen,14,1,228
2020-W37,Sachsen-Anhalt,15,0,65
2020-W37,Thüringen,16,2,188
2020-W38,Schleswig-Holstein,01,0,154
2020-W38,Hamburg,02,1,269
2020-W38,Niedersachsen,03,2,662
2020-W38,Bremen,04,0,59
2020-W38,Nordrhein-Westfalen,05,15,1827
2020-W38,Hessen,06,5,540
2020-W38,Rheinland-Pfalz,07,1,241
2020-W38,Baden-Württemberg,08,4,1866
2020-W38,Bayern,09,3,2634
2020-W38,Saarland,10,1,175
2020-W38,Berlin,11,1,220
2020-W38,Brandenburg,12,0,168
2020-W38,Mecklenburg-Vorpommern,13,0,20
2020-W38,Sachsen,14,0,228
2020-W38,Sachsen-Anhalt,15,0,65
2020-W38,Thüringen,16,1,189
2020-W39,Schleswig-Holstein,01,0,154
2020-W39,Hamburg,02,0,269
2020-W39,Niedersachsen,03,13,675
2020-W39,Bremen,04,0,59
2020-W39,Nordrhein-Westfalen,05,21,1848
2020-W39,Hessen,06,6,546
2020-W39,Rheinland-Pfalz,07,3,244
2020-W39,Baden-Württemberg,08,6,1872
2020-W39,Bayern,09,10,2644
2020-W39,Saarland,10,0,175
2020-W39,Berlin,11,1,221
2020-W39,Brandenburg,12,0,168
2020-W39,Mecklenburg-Vorpommern,13,0,20
2020-W39,Sachsen,14,7,235
2020-W39,Sachsen-Anhalt,15,1,66
2020-W39,Thüringen,16,1,190
2020-W40,Schleswig-Holstein,01,1,155
2020-W40,Hamburg,02,3,272
2020-W40,Niedersachsen,03,7,682
2020-W40,Bremen,04,0,59
2020-W40,Nordrhein-Westfalen,05,19,1867
2020-W40,Hessen,06,1,547
2020-W40,Rheinland-Pfalz,07,4,248
2020-W40,Baden-Württemberg,08,11,1883
2020-W40,Bayern,09,14,2658
2020-W40,Saarland,10,1,176
2020-W40,Berlin,11,3,224
2020-W40,Brandenburg,12,0,168
2020-W40,Mecklenburg-Vorpommern,13,0,20
2020-W40,Sachsen,14,6,241
2020-W40,Sachsen-Anhalt,15,1,67
2020-W40,Thüringen,16,1,191
2020-W41,Schleswig-Holstein,01,0,155
2020-W41,Hamburg,02,5,277
2020-W41,Niedersachsen,03,6,688
2020-W41,Bremen,04,1,60
2020-W41,Nordrhein-Westfalen,05,28,1895
2020-W41,Hessen,06,8,555
2020-W41,Rheinland-Pfalz,07,1,249
2020-W41,Baden-Württemberg,08,14,1897
2020-W41,Bayern,09,13,2671
2020-W41,Saarland,10,0,176
2020-W41,Berlin,11,3,227
2020-W41,Brandenburg,12,1,169
2020-W41,Mecklenburg-Vorpommern,13,0,20
2020-W41,Sachsen,14,8,249
2020-W41,Sachsen-Anhalt,15,0,67
2020-W41,Thüringen,16,0,191
2020-W42,Schleswig-Holstein,01,1,156
2020-W42,Hamburg,02,3,280
2020-W42,Niedersachsen,03,18,706
2020-W42,Bremen,04,3,63
2020-W42,Nordrhein-Westfalen,05,31,1926
2020-W42,Hessen,06,13,568
2020-W42,Rheinland-Pfalz,07,7,256
2020-W42,Baden-Württemberg,08,26,1923
2020-W42,Bayern,09,27,2698
2020-W42,Saarland,10,0,176
2020-W42,Berlin,11,5,232
2020-W42,Brandenburg,12,3,172
2020-W42,Mecklenburg-Vorpommern,13,1,21
2020-W42,Sachsen,14,9,258
2020-W42,Sachsen-Anhalt,15,3,70
2020-W42,Thüringen,16,8,199
2020-W43,Schleswig-Holstein,01,1,157
2020-W43,Hamburg,02,3,283
2020-W43,Niedersachsen,03,18,724
2020-W43,Bremen,04,1,64
2020-W43,Nordrhein-Westfalen,05,71,1997
2020-W43,Hessen,06,34,602
2020-W43,Rheinland-Pfalz,07,5,261
2020-W43,Baden-Württemberg,08,42,1965
2020-W43,Bayern,09,28,2726
2020-W43,Saarland,10,1,177
2020-W43,Berlin,11,9,241
2020-W43,Brandenburg,12,12,184
2020-W43,Mecklenburg-Vorpommern,13,0,21
2020-W43,Sachsen,14,20,278
2020-W43,Sachsen-Anhalt,15,3,73
2020-W43,Thüringen,16,2,201
2020-W44,Schleswig-Holstein,01,11,168
2020-W44,Hamburg,02,2,285
2020-W44,Niedersachsen,03,23,747
2020-W44,Bremen,04,8,72
2020-W44,Nordrhein-Westfalen,05,130,2127
2020-W44,Hessen,06,44,646
2020-W44,Rheinland-Pfalz,07,17,278
2020-W44,Baden-Württemberg,08,56,2021
2020-W44,Bayern,09,67,2793
2020-W44,Saarland,10,14,191
2020-W44,Berlin,11,13,254
2020-W44,Brandenburg,12,11,195
2020-W44,Mecklenburg-Vorpommern,13,2,23
2020-W44,Sachsen,14,43,321
2020-W44,Sachsen-Anhalt,15,5,78
2020-W44,Thüringen,16,6,207
2020-W45,Schleswig-Holstein,01,25,193
2020-W45,Hamburg,02,19,304
2020-W45,Niedersachsen,03,70,817
2020-W45,Bremen,04,14,86
2020-W45,Nordrhein-Westfalen,05,195,2322
2020-W45,Hessen,06,99,745
2020-W45,Rheinland-Pfalz,07,31,309
2020-W45,Baden-Württemberg,08,80,2101
2020-W45,Bayern,09,103,2896
2020-W45,Saarland,10,7,198
2020-W45,Berlin,11,32,286
2020-W45,Brandenburg,12,20,215
2020-W45,Mecklenburg-Vorpommern,13,6,29
2020-W45,Sachsen,14,78,399
2020-W45,Sachsen-Anhalt,15,11,89
2020-W45,Thüringen,16,12,219
2020-W46,Schleswig-Holstein,01,19,212
2020-W46,Hamburg,02,7,311
2020-W46,Niedersachsen,03,83,900
2020-W46,Bremen,04,8,94
2020-W46,Nordrhein-Westfalen,05,282,2604
2020-W46,Hessen,06,111,856
2020-W46,Rheinland-Pfalz,07,45,354
2020-W46,Baden-Württemberg,08,145,2246
2020-W46,Bayern,09,224,3120
2020-W46,Saarland,10,15,213
2020-W46,Berlin,11,66,352
2020-W46,Brandenburg,12,20,235
2020-W46,Mecklenburg-Vorpommern,13,9,38
2020-W46,Sachsen,14,114,513
2020-W46,Sachsen-Anhalt,15,15,104
2020-W46,Thüringen,16,35,254
2020-W47,Schleswig-Holstein,01,15,227
2020-W47,Hamburg,02,25,336
2020-W47,Niedersachsen,03,101,1001
2020-W47,Bremen,04,12,106
2020-W47,Nordrhein-Westfalen,05,330,2934
2020-W47,Hessen,06,160,1016
2020-W47,Rheinland-Pfalz,07,53,407
2020-W47,Baden-Württemberg,08,183,2429
2020-W47,Bayern,09,289,3409
2020-W47,Saarland,10,22,235
2020-W47,Berlin,11,87,439
2020-W47,Brandenburg,12,41,276
2020-W47,Mecklenburg-Vorpommern,13,15,53
2020-W47,Sachsen,14,138,651
2020-W47,Sachsen-Anhalt,15,17,121
2020-W47,Thüringen,16,39,293
2020-W48,Schleswig-Holstein,01,15,242
2020-W48,Hamburg,02,35,371
2020-W48,Niedersachsen,03,141,1142
2020-W48,Bremen,04,10,116
2020-W48,Nordrhein-Westfalen,05,454,3388
2020-W48,Hessen,06,214,1230
2020-W48,Rheinland-Pfalz,07,99,506
2020-W48,Baden-Württemberg,08,259,2688
2020-W48,Bayern,09,361,3770
2020-W48,Saarland,10,15,250
2020-W48,Berlin,11,88,527
2020-W48,Brandenburg,12,56,332
2020-W48,Mecklenburg-Vorpommern,13,8,61
2020-W48,Sachsen,14,233,884
2020-W48,Sachsen-Anhalt,15,41,162
2020-W48,Thüringen,16,54,347
2020-W49,Schleswig-Holstein,01,15,257
2020-W49,Hamburg,02,48,419
2020-W49,Niedersachsen,03,112,1254
2020-W49,Bremen,04,20,136
2020-W49,Nordrhein-Westfalen,05,502,3890
2020-W49,Hessen,06,222,1452
2020-W49,Rheinland-Pfalz,07,151,657
2020-W49,Baden-Württemberg,08,303,2991
2020-W49,Bayern,09,509,4279
2020-W49,Saarland,10,20,270
2020-W49,Berlin,11,141,668
2020-W49,Brandenburg,12,83,415
2020-W49,Mecklenburg-Vorpommern,13,13,74
2020-W49,Sachsen,14,394,1278
2020-W49,Sachsen-Anhalt,15,44,206
2020-W49,Thüringen,16,69,416
2020-W50,Schleswig-Holstein,01,28,285
2020-W50,Hamburg,02,59,478
2020-W50,Niedersachsen,03,159,1413
2020-W50,Bremen,04,18,154
2020-W50,Nordrhein-Westfalen,05,527,4417
2020-W50,Hessen,06,289,1741
2020-W50,Rheinland-Pfalz,07,178,835
2020-W50,Baden-Württemberg,08,391,3382
2020-W50,Bayern,09,560,4839
2020-W50,Saarland,10,30,300
2020-W50,Berlin,11,132,800
2020-W50,Brandenburg,12,64,479
2020-W50,Mecklenburg-Vorpommern,13,22,96
2020-W50,Sachsen,14,372,1650
2020-W50,Sachsen-Anhalt,15,62,268
2020-W50,Thüringen,16,91,507
2020-W51,Schleswig-Holstein,01,32,317
2020-W51,Hamburg,02,67,545
2020-W51,Niedersachsen,03,211,1624
2020-W51,Bremen,04,14,168
2020-W51,Nordrhein-Westfalen,05,760,5177
2020-W51,Hessen,06,370,2111
2020-W51,Rheinland-Pfalz,07,209,1044
2020-W51,Baden-Württemberg,08,532,3914
2020-W51,Bayern,09,794,5633
2020-W51,Saarland,10,51,351
2020-W51,Berlin,11,186,986
2020-W51,Brandenburg,12,162,641
2020-W51,Mecklenburg-Vorpommern,13,21,117
2020-W51,Sachsen,14,562,2212
2020-W51,Sachsen-Anhalt,15,113,381
2020-W51,Thüringen,16,162,669
2020-W52,Schleswig-Holstein,01,43,360
2020-W52,Hamburg,02,41,586
2020-W52,Niedersachsen,03,152,1776
2020-W52,Bremen,04,14,182
2020-W52,Nordrhein-Westfalen,05,750,5927
2020-W52,Hessen,06,361,2472
2020-W52,Rheinland-Pfalz,07,197,1241
2020-W52,Baden-Württemberg,08,493,4407
2020-W52,Bayern,09,558,6191
2020-W52,Saarland,10,53,404
2020-W52,Berlin,11,122,1108
2020-W52,Brandenburg,12,128,769
2020-W52,Mecklenburg-Vorpommern,13,25,142
2020-W52,Sachsen,14,488,2700
2020-W52,Sachsen-Anhalt,15,128,509
2020-W52,Thüringen,16,150,819
2020-W53,Schleswig-Holstein,01,78,438
2020-W53,Hamburg,02,75,661
2020-W53,Niedersachsen,03,236,2012
2020-W53,Bremen,04,20,202
2020-W53,Nordrhein-Westfalen,05,786,6713
2020-W53,Hessen,06,474,2946
2020-W53,Rheinland-Pfalz,07,209,1450
2020-W53,Baden-Württemberg,08,487,4894
2020-W53,Bayern,09,654,6845
2020-W53,Saarland,10,36,440
2020-W53,Berlin,11,153,1261
2020-W53,Brandenburg,12,211,980
2020-W53,Mecklenburg-Vorpommern,13,34,176
2020-W53,Sachsen,14,647,3347
2020-W53,Sachsen-Anhalt,15,178,687
2020-W53,Thüringen,16,194,1013
2021-W01,Schleswig-Holstein,01,100,538
2021-W01,Hamburg,02,156,817
2021-W01,Niedersachsen,03,302,2314
2021-W01,Bremen,04,20,222
2021-W01,Nordrhein-Westfalen,05,1174,7887
2021-W01,Hessen,06,520,3466
2021-W01,Rheinland-Pfalz,07,296,1746
2021-W01,Baden-Württemberg,08,599,5493
2021-W01,Bayern,09,995,7840
2021-W01,Saarland,10,99,539
2021-W01,Berlin,11,274,1535
2021-W01,Brandenburg,12,292,1272
2021-W01,Mecklenburg-Vorpommern,13,62,238
2021-W01,Sachsen,14,709,4056
2021-W01,Sachsen-Anhalt,15,146,833
2021-W01,Thüringen,16,284,1297
2021-W02,Schleswig-Holstein,01,105,643
2021-W02,Hamburg,02,87,904
2021-W02,Niedersachsen,03,299,2613
2021-W02,Bremen,04,9,231
2021-W02,Nordrhein-Westfalen,05,1139,9026
2021-W02,Hessen,06,454,3920
2021-W02,Rheinland-Pfalz,07,291,2037
2021-W02,Baden-Württemberg,08,542,6035
2021-W02,Bayern,09,809,8649
2021-W02,Saarland,10,73,612
2021-W02,Berlin,11,251,1786
2021-W02,Brandenburg,12,312,1584
2021-W02,Mecklenburg-Vorpommern,13,59,297
2021-W02,Sachsen,14,1010,5066
2021-W02,Sachsen-Anhalt,15,292,1125
2021-W02,Thüringen,16,315,1612
2021-W03,Schleswig-Holstein,01,95,738
2021-W03,Hamburg,02,81,985
2021-W03,Niedersachsen,03,336,2949
2021-W03,Bremen,04,20,251
2021-W03,Nordrhein-Westfalen,05,843,9869
2021-W03,Hessen,06,445,4365
2021-W03,Rheinland-Pfalz,07,231,2268
2021-W03,Baden-Württemberg,08,540,6575
2021-W03,Bayern,09,935,9584
2021-W03,Saarland,10,73,685
2021-W03,Berlin,11,212,1998
2021-W03,Brandenburg,12,308,1892
2021-W03,Mecklenburg-Vorpommern,13,66,363
2021-W03,Sachsen,14,647,5713
2021-W03,Sachsen-Anhalt,15,290,1415
2021-W03,Thüringen,16,280,1892
2021-W04,Schleswig-Holstein,01,133,871
2021-W04,Hamburg,02,84,1069
2021-W04,Niedersachsen,03,310,3259
2021-W04,Bremen,04,17,268
2021-W04,Nordrhein-Westfalen,05,857,10726
2021-W04,Hessen,06,406,4771
2021-W04,Rheinland-Pfalz,07,230,2498
2021-W04,Baden-Württemberg,08,408,6983
2021-W04,Bayern,09,735,10319
2021-W04,Saarland,10,47,732
2021-W04,Berlin,11,220,2218
2021-W04,Brandenburg,12,371,2263
2021-W04,Mecklenburg-Vorpommern,13,85,448
2021-W04,Sachsen,14,564,6277
2021-W04,Sachsen-Anhalt,15,284,1699
2021-W04,Thüringen,16,272,2164
2021-W05,Schleswig-Holstein,01,133,1004
2021-W05,Hamburg,02,71,1140
2021-W05,Niedersachsen,03,304,3563
2021-W05,Bremen,04,18,286
2021-W05,Nordrhein-Westfalen,05,755,11481
2021-W05,Hessen,06,341,5112
2021-W05,Rheinland-Pfalz,07,211,2709
2021-W05,Baden-Württemberg,08,375,7358
2021-W05,Bayern,09,749,11068
2021-W05,Saarland,10,47,779
2021-W05,Berlin,11,196,2414
2021-W05,Brandenburg,12,331,2594
2021-W05,Mecklenburg-Vorpommern,13,96,544
2021-W05,Sachsen,14,473,6750
2021-W05,Sachsen-Anhalt,15,253,1952
2021-W05,Thüringen,16,166,2330
2021-W06,Schleswig-Holstein,01,114,1118
2021-W06,Hamburg,02,54,1194
2021-W06,Niedersachsen,03,256,3819
2021-W06,Bremen,04,24,310
2021-W06,Nordrhein-Westfalen,05,552,12033
2021-W06,Hessen,06,268,5380
2021-W06,Rheinland-Pfalz,07,152,2861
2021-W06,Baden-Württemberg,08,328,7686
2021-W06,Bayern,09,553,11621
2021-W06,Saarland,10,34,813
2021-W06,Berlin,11,131,2545
2021-W06,Brandenburg,12,157,2751
2021-W06,Mecklenburg-Vorpommern,13,84,628
2021-W06,Sachsen,14,364,7114
2021-W06,Sachsen-Anhalt,15,140,2092
2021-W06,Thüringen,16,219,2549
2021-W07,Schleswig-Holstein,01,79,1197
2021-W07,Hamburg,02,27,1221
2021-W07,Niedersachsen,03,261,4080
2021-W07,Bremen,04,16,326
2021-W07,Nordrhein-Westfalen,05,528,12561
2021-W07,Hessen,06,241,5621
2021-W07,Rheinland-Pfalz,07,113,2974
2021-W07,Baden-Württemberg,08,209,7895
2021-W07,Bayern,09,441,12062
2021-W07,Saarland,10,31,844
2021-W07,Berlin,11,118,2663
2021-W07,Brandenburg,12,127,2878
2021-W07,Mecklenburg-Vorpommern,13,61,689
2021-W07,Sachsen,14,335,7449
2021-W07,Sachsen-Anhalt,15,188,2280
2021-W07,Thüringen,16,162,2711
2021-W08,Schleswig-Holstein,01,78,1275
2021-W08,Hamburg,02,46,1267
2021-W08,Niedersachsen,03,203,4283
2021-W08,Bremen,04,13,339
2021-W08,Nordrhein-Westfalen,05,423,12984
2021-W08,Hessen,06,166,5787
2021-W08,Rheinland-Pfalz,07,103,3077
2021-W08,Baden-Württemberg,08,140,8035
2021-W08,Bayern,09,286,12348
2021-W08,Saarland,10,25,869
2021-W08,Berlin,11,91,2754
2021-W08,Brandenburg,12,92,2970
2021-W08,Mecklenburg-Vorpommern,13,51,740
2021-W08,Sachsen,14,298,7747
2021-W08,Sachsen-Anhalt,15,124,2404
2021-W08,Thüringen,16,117,2828
2021-W09,Schleswig-Holstein,01,49,1324
2021-W09,Hamburg,02,42,1309
2021-W09,Niedersachsen,03,150,4433
2021-W09,Bremen,04,27,366
2021-W09,Nordrhein-Westfalen,05,326,13310
2021-W09,Hessen,06,112,5899
2021-W09,Rheinland-Pfalz,07,67,3144
2021-W09,Baden-Württemberg,08,194,8229
2021-W09,Bayern,09,258,12606
2021-W09,Saarland,10,22,891
2021-W09,Berlin,11,70,2824
2021-W09,Brandenburg,12,96,3066
2021-W09,Mecklenburg-Vorpommern,13,36,776
2021-W09,Sachsen,14,237,7984
2021-W09,Sachsen-Anhalt,15,85,2489
2021-W09,Thüringen,16,85,2913
2021-W10,Schleswig-Holstein,01,44,1368
2021-W10,Hamburg,02,20,1329
2021-W10,Niedersachsen,03,161,4594
2021-W10,Bremen,04,12,378
2021-W10,Nordrhein-Westfalen,05,278,13588
2021-W10,Hessen,06,99,5998
2021-W10,Rheinland-Pfalz,07,50,3194
2021-W10,Baden-Württemberg,08,150,8379
2021-W10,Bayern,09,194,12800
2021-W10,Saarland,10,19,910
2021-W10,Berlin,11,41,2865
2021-W10,Brandenburg,12,62,3128
2021-W10,Mecklenburg-Vorpommern,13,31,807
2021-W10,Sachsen,14,131,8115
2021-W10,Sachsen-Anhalt,15,80,2569
2021-W10,Thüringen,16,122,3035
2021-W11,Schleswig-Holstein,01,29,1397
2021-W11,Hamburg,02,16,1345
2021-W11,Niedersachsen,03,127,4721
2021-W11,Bremen,04,14,392
2021-W11,Nordrhein-Westfalen,05,228,13816
2021-W11,Hessen,06,108,6106
2021-W11,Rheinland-Pfalz,07,42,3236
2021-W11,Baden-Württemberg,08,111,8490
2021-W11,Bayern,09,152,12952
2021-W11,Saarland,10,6,916
2021-W11,Berlin,11,54,2919
2021-W11,Brandenburg,12,86,3214
2021-W11,Mecklenburg-Vorpommern,13,22,829
2021-W11,Sachsen,14,103,8218
2021-W11,Sachsen-Anhalt,15,50,2619
2021-W11,Thüringen,16,134,3169
2021-W12,Schleswig-Holstein,01,20,1417
2021-W12,Hamburg,02,24,1369
2021-W12,Niedersachsen,03,89,4810
2021-W12,Bremen,04,9,401
2021-W12,Nordrhein-Westfalen,05,227,14043
2021-W12,Hessen,06,129,6235
2021-W12,Rheinland-Pfalz,07,50,3286
2021-W12,Baden-Württemberg,08,107,8597
2021-W12,Bayern,09,167,13119
2021-W12,Saarland,10,6,922
2021-W12,Berlin,11,41,2960
2021-W12,Brandenburg,12,43,3257
2021-W12,Mecklenburg-Vorpommern,13,18,847
2021-W12,Sachsen,14,109,8327
2021-W12,Sachsen-Anhalt,15,61,2680
2021-W12,Thüringen,16,97,3266
2021-W13,Schleswig-Holstein,01,14,1431
2021-W13,Hamburg,02,25,1394
2021-W13,Niedersachsen,03,87,4897
2021-W13,Bremen,04,5,406
2021-W13,Nordrhein-Westfalen,05,206,14249
2021-W13,Hessen,06,93,6328
2021-W13,Rheinland-Pfalz,07,35,3321
2021-W13,Baden-Württemberg,08,106,8703
2021-W13,Bayern,09,171,13290
2021-W13,Saarland,10,2,924
2021-W13,Berlin,11,41,3001
2021-W13,Brandenburg,12,41,3298
2021-W13,Mecklenburg-Vorpommern,13,29,876
2021-W13,Sachsen,14,102,8429
2021-W13,Sachsen-Anhalt,15,38,2718
2021-W13,Thüringen,16,94,3360
2021-W14,Schleswig-Holstein,01,19,1450
2021-W14,Hamburg,02,14,1408
2021-W14,Niedersachsen,03,113,5010
2021-W14,Bremen,04,14,420
2021-W14,Nordrhein-Westfalen,05,263,14512
2021-W14,Hessen,06,110,6438
2021-W14,Rheinland-Pfalz,07,54,3375
2021-W14,Baden-Württemberg,08,169,8872
2021-W14,Bayern,09,176,13466
2021-W14,Saarland,10,5,929
2021-W14,Berlin,11,45,3046
2021-W14,Brandenburg,12,53,3351
2021-W14,Mecklenburg-Vorpommern,13,27,903
2021-W14,Sachsen,14,125,8554
2021-W14,Sachsen-Anhalt,15,99,2817
2021-W14,Thüringen,16,98,3458
2021-W15,Schleswig-Holstein,01,15,1465
2021-W15,Hamburg,02,20,1428
2021-W15,Niedersachsen,03,101,5111
2021-W15,Bremen,04,14,434
2021-W15,Nordrhein-Westfalen,05,296,14808
2021-W15,Hessen,06,118,6556
2021-W15,Rheinland-Pfalz,07,56,3431
2021-W15,Baden-Württemberg,08,149,9021
2021-W15,Bayern,09,237,13703
2021-W15,Saarland,10,10,939
2021-W15,Berlin,11,26,3072
2021-W15,Brandenburg,12,78,3429
2021-W15,Mecklenburg-Vorpommern,13,25,928
2021-W15,Sachsen,14,180,8734
2021-W15,Sachsen-Anhalt,15,77,2894
2021-W15,Thüringen,16,154,3612
2021-W16,Schleswig-Holstein,01,20,1485
2021-W16,Hamburg,02,29,1457
2021-W16,Niedersachsen,03,100,5211
2021-W16,Bremen,04,9,443
2021-W16,Nordrhein-Westfalen,05,356,15164
2021-W16,Hessen,06,138,6694
2021-W16,Rheinland-Pfalz,07,64,3495
2021-W16,Baden-Württemberg,08,159,9180
2021-W16,Bayern,09,243,13946
2021-W16,Saarland,10,6,945
2021-W16,Berlin,11,40,3112
2021-W16,Brandenburg,12,51,3480
2021-W16,Mecklenburg-Vorpommern,13,37,965
2021-W16,Sachsen,14,198,8932
2021-W16,Sachsen-Anhalt,15,105,2999
2021-W16,Thüringen,16,101,3713
2021-W17,Schleswig-Holstein,01,16,1501
2021-W17,Hamburg,02,41,1498
2021-W17,Niedersachsen,03,96,5307
2021-W17,Bremen,04,10,453
2021-W17,Nordrhein-Westfalen,05,367,15531
2021-W17,Hessen,06,142,6836
2021-W17,Rheinland-Pfalz,07,46,3541
2021-W17,Baden-Württemberg,08,164,9344
2021-W17,Bayern,09,231,14177
2021-W17,Saarland,10,12,957
2021-W17,Berlin,11,27,3139
2021-W17,Brandenburg,12,73,3553
2021-W17,Mecklenburg-Vorpommern,13,35,1000
2021-W17,Sachsen,14,182,9114
2021-W17,Sachsen-Anhalt,15,86,3085
2021-W17,Thüringen,16,102,3815
2021-W18,Schleswig-Holstein,01,15,1516
2021-W18,Hamburg,02,18,1516
2021-W18,Niedersachsen,03,86,5393
2021-W18,Bremen,04,7,460
2021-W18,Nordrhein-Westfalen,05,363,15894
2021-W18,Hessen,06,168,7004
2021-W18,Rheinland-Pfalz,07,52,3593
2021-W18,Baden-Württemberg,08,153,9497
2021-W18,Bayern,09,218,14395
2021-W18,Saarland,10,8,965
2021-W18,Berlin,11,81,3220
2021-W18,Brandenburg,12,56,3609
2021-W18,Mecklenburg-Vorpommern,13,43,1043
2021-W18,Sachsen,14,154,9268
2021-W18,Sachsen-Anhalt,15,68,3153
2021-W18,Thüringen,16,111,3926
2021-W19,Schleswig-Holstein,01,37,1553
2021-W19,Hamburg,02,14,1530
2021-W19,Niedersachsen,03,68,5461
2021-W19,Bremen,04,7,467
2021-W19,Nordrhein-Westfalen,05,315,16209
2021-W19,Hessen,06,80,7084
2021-W19,Rheinland-Pfalz,07,30,3623
2021-W19,Baden-Württemberg,08,165,9662
2021-W19,Bayern,09,175,14570
2021-W19,Saarland,10,11,976
2021-W19,Berlin,11,98,3318
2021-W19,Brandenburg,12,42,3651
2021-W19,Mecklenburg-Vorpommern,13,35,1078
2021-W19,Sachsen,14,105,9373
2021-W19,Sachsen-Anhalt,15,53,3206
2021-W19,Thüringen,16,98,4024
2021-W20,Schleswig-Holstein,01,12,1565
2021-W20,Hamburg,02,12,1542
2021-W20,Niedersachsen,03,78,5539
2021-W20,Bremen,04,3,470
2021-W20,Nordrhein-Westfalen,05,255,16464
2021-W20,Hessen,06,93,7177
2021-W20,Rheinland-Pfalz,07,47,3670
2021-W20,Baden-Württemberg,08,141,9803
2021-W20,Bayern,09,194,14764
2021-W20,Saarland,10,18,994
2021-W20,Berlin,11,39,3357
2021-W20,Brandenburg,12,26,3677
2021-W20,Mecklenburg-Vorpommern,13,30,1108
2021-W20,Sachsen,14,186,9559
2021-W20,Sachsen-Anhalt,15,60,3266
2021-W20,Thüringen,16,102,4126
2021-W21,Schleswig-Holstein,01,18,1583
2021-W21,Hamburg,02,18,1560
2021-W21,Niedersachsen,03,53,5592
2021-W21,Bremen,04,2,472
2021-W21,Nordrhein-Westfalen,05,233,16697
2021-W21,Hessen,06,114,7291
2021-W21,Rheinland-Pfalz,07,29,3699
2021-W21,Baden-Württemberg,08,104,9907
2021-W21,Bayern,09,159,14923
2021-W21,Saarland,10,10,1004
2021-W21,Berlin,11,46,3403
2021-W21,Brandenburg,12,30,3707
2021-W21,Mecklenburg-Vorpommern,13,12,1120
2021-W21,Sachsen,14,116,9675
2021-W21,Sachsen-Anhalt,15,34,3300
2021-W21,Thüringen,16,60,4186
2021-W22,Schleswig-Holstein,01,10,1593
2021-W22,Hamburg,02,8,1568
2021-W22,Niedersachsen,03,62,5654
2021-W22,Bremen,04,2,474
2021-W22,Nordrhein-Westfalen,05,139,16836
2021-W22,Hessen,06,73,7364
2021-W22,Rheinland-Pfalz,07,29,3728
2021-W22,Baden-Württemberg,08,77,9984
2021-W22,Bayern,09,75,14998
2021-W22,Saarland,10,6,1010
2021-W22,Berlin,11,26,3429
2021-W22,Brandenburg,12,16,3723
2021-W22,Mecklenburg-Vorpommern,13,6,1126
2021-W22,Sachsen,14,184,9859
2021-W22,Sachsen-Anhalt,15,56,3356
2021-W22,Thüringen,16,56,4242
2021-W23,Schleswig-Holstein,01,10,1603
2021-W23,Hamburg,02,9,1577
2021-W23,Niedersachsen,03,38,5692
2021-W23,Bremen,04,3,477
2021-W23,Nordrhein-Westfalen,05,124,16960
2021-W23,Hessen,06,45,7409
2021-W23,Rheinland-Pfalz,07,29,3757
2021-W23,Baden-Württemberg,08,60,10044
2021-W23,Bayern,09,84,15082
2021-W23,Saarland,10,4,1014
2021-W23,Berlin,11,14,3443
2021-W23,Brandenburg,12,14,3737
2021-W23,Mecklenburg-Vorpommern,13,18,1144
2021-W23,Sachsen,14,117,9976
2021-W23,Sachsen-Anhalt,15,28,3384
2021-W23,Thüringen,16,29,4271
2021-W24,Schleswig-Holstein,01,9,1612
2021-W24,Hamburg,02,7,1584
2021-W24,Niedersachsen,03,29,5721
2021-W24,Bremen,04,5,482
2021-W24,Nordrhein-Westfalen,05,65,17025
2021-W24,Hessen,06,31,7440
2021-W24,Rheinland-Pfalz,07,86,3843
2021-W24,Baden-Württemberg,08,83,10127
2021-W24,Bayern,09,82,15164
2021-W24,Saarland,10,3,1017
2021-W24,Berlin,11,31,3474
2021-W24,Brandenburg,12,33,3770
2021-W24,Mecklenburg-Vorpommern,13,3,1147
2021-W24,Sachsen,14,43,10019
2021-W24,Sachsen-Anhalt,15,15,3399
2021-W24,Thüringen,16,27,4298
2021-W25,Schleswig-Holstein,01,1,1613
2021-W25,Hamburg,02,3,1587
2021-W25,Niedersachsen,03,28,5749
2021-W25,Bremen,04,0,482
2021-W25,Nordrhein-Westfalen,05,70,17095
2021-W25,Hessen,06,34,7474
2021-W25,Rheinland-Pfalz,07,13,3856
2021-W25,Baden-Württemberg,08,63,10190
2021-W25,Bayern,09,57,15221
2021-W25,Saarland,10,0,1017
2021-W25,Berlin,11,11,3485
2021-W25,Brandenburg,12,9,3779
2021-W25,Mecklenburg-Vorpommern,13,4,1151
2021-W25,Sachsen,14,50,10069
2021-W25,Sachsen-Anhalt,15,13,3412
2021-W25,Thüringen,16,15,4313
2021-W26,Schleswig-Holstein,01,2,1615
2021-W26,Hamburg,02,7,1594
2021-W26,Niedersachsen,03,12,5761
2021-W26,Bremen,04,5,487
2021-W26,Nordrhein-Westfalen,05,53,17148
2021-W26,Hessen,06,38,7512
2021-W26,Rheinland-Pfalz,07,11,3867
2021-W26,Baden-Württemberg,08,56,10246
2021-W26,Bayern,09,31,15252
2021-W26,Saarland,10,6,1023
2021-W26,Berlin,11,6,3491
2021-W26,Brandenburg,12,12,3791
2021-W26,Mecklenburg-Vorpommern,13,4,1155
2021-W26,Sachsen,14,19,10088
2021-W26,Sachsen-Anhalt,15,5,3417
2021-W26,Thüringen,16,13,4326
2021-W27,Schleswig-Holstein,01,3,1618
2021-W27,Hamburg,02,5,1599
2021-W27,Niedersachsen,03,31,5792
2021-W27,Bremen,04,0,487
2021-W27,Nordrhein-Westfalen,05,40,17188
2021-W27,Hessen,06,13,7525
2021-W27,Rheinland-Pfalz,07,2,3869
2021-W27,Baden-Württemberg,08,40,10286
2021-W27,Bayern,09,23,15275
2021-W27,Saarland,10,2,1025
2021-W27,Berlin,11,5,3496
2021-W27,Brandenburg,12,5,3796
2021-W27,Mecklenburg-Vorpommern,13,6,1161
2021-W27,Sachsen,14,15,10103
2021-W27,Sachsen-Anhalt,15,3,3420
2021-W27,Thüringen,16,15,4341
2021-W28,Schleswig-Holstein,01,2,1620
2021-W28,Hamburg,02,3,1602
2021-W28,Niedersachsen,03,6,5798
2021-W28,Bremen,04,1,488
2021-W28,Nordrhein-Westfalen,05,38,17226
2021-W28,Hessen,06,9,7534
2021-W28,Rheinland-Pfalz,07,1,3870
2021-W28,Baden-Württemberg,08,25,10311
2021-W28,Bayern,09,13,15288
2021-W28,Saarland,10,2,1027
2021-W28,Berlin,11,6,3502
2021-W28,Brandenburg,12,4,3800
2021-W28,Mecklenburg-Vorpommern,13,4,1165
2021-W28,Sachsen,14,11,10114
2021-W28,Sachsen-Anhalt,15,3,3423
2021-W28,Thüringen,16,6,4347
2021-W29,Schleswig-Holstein,01,1,1621
2021-W29,Hamburg,02,2,1604
2021-W29,Niedersachsen,03,4,5802
2021-W29,Bremen,04,4,492
2021-W29,Nordrhein-Westfalen,05,34,17260
2021-W29,Hessen,06,12,7546
2021-W29,Rheinland-Pfalz,07,7,3877
2021-W29,Baden-Württemberg,08,38,10349
2021-W29,Bayern,09,13,15301
2021-W29,Saarland,10,0,1027
2021-W29,Berlin,11,8,3510
2021-W29,Brandenburg,12,1,3801
2021-W29,Mecklenburg-Vorpommern,13,11,1176
2021-W29,Sachsen,14,12,10126
2021-W29,Sachsen-Anhalt,15,15,3438
2021-W29,Thüringen,16,3,4350
2021-W30,Schleswig-Holstein,01,9,1630
2021-W30,Hamburg,02,8,1612
2021-W30,Niedersachsen,03,9,5811
2021-W30,Bremen,04,0,492
2021-W30,Nordrhein-Westfalen,05,18,17278
2021-W30,Hessen,06,13,7559
2021-W30,Rheinland-Pfalz,07,3,3880
2021-W30,Baden-Württemberg,08,18,10367
2021-W30,Bayern,09,18,15319
2021-W30,Saarland,10,0,1027
2021-W30,Berlin,11,5,3515
2021-W30,Brandenburg,12,0,3801
2021-W30,Mecklenburg-Vorpommern,13,4,1180
2021-W30,Sachsen,14,7,10133
2021-W30,Sachsen-Anhalt,15,7,3445
2021-W30,Thüringen,16,18,4368
2021-W31,Schleswig-Holstein,01,1,1631
2021-W31,Hamburg,02,11,1623
2021-W31,Niedersachsen,03,2,5813
2021-W31,Bremen,04,0,492
2021-W31,Nordrhein-Westfalen,05,12,17290
2021-W31,Hessen,06,7,7566
2021-W31,Rheinland-Pfalz,07,4,3884
2021-W31,Baden-Württemberg,08,33,10400
2021-W31,Bayern,09,22,15341
2021-W31,Saarland,10,1,1028
2021-W31,Berlin,11,1,3516
2021-W31,Brandenburg,12,1,3802
2021-W31,Mecklenburg-Vorpommern,13,3,1183
2021-W31,Sachsen,14,5,10138
2021-W31,Sachsen-Anhalt,15,14,3459
2021-W31,Thüringen,16,3,4371
2021-W32,Schleswig-Holstein,01,2,1633
2021-W32,Hamburg,02,8,1631
2021-W32,Niedersachsen,03,8,5821
2021-W32,Bremen,04,1,493
2021-W32,Nordrhein-Westfalen,05,15,17305
2021-W32,Hessen,06,17,7583
2021-W32,Rheinland-Pfalz,07,5,3889
2021-W32,Baden-Württemberg,08,5,10405
2021-W32,Bayern,09,13,15354
2021-W32,Saarland,10,0,1028
2021-W32,Berlin,11,2,3518
2021-W32,Brandenburg,12,0,3802
2021-W32,Mecklenburg-Vorpommern,13,1,1184
2021-W32,Sachsen,14,8,10146
2021-W32,Sachsen-Anhalt,15,2,3461
2021-W32,Thüringen,16,6,4377
2021-W33,Schleswig-Holstein,01,2,1635
2021-W33,Hamburg,02,2,1633
2021-W33,Niedersachsen,03,8,5829
2021-W33,Bremen,04,3,496
2021-W33,Nordrhein-Westfalen,05,39,17344
2021-W33,Hessen,06,14,7597
2021-W33,Rheinland-Pfalz,07,4,3893
2021-W33,Baden-Württemberg,08,9,10414
2021-W33,Bayern,09,16,15370
2021-W33,Saarland,10,0,1028
2021-W33,Berlin,11,1,3519
2021-W33,Brandenburg,12,0,3802
2021-W33,Mecklenburg-Vorpommern,13,2,1186
2021-W33,Sachsen,14,10,10156
2021-W33,Sachsen-Anhalt,15,2,3463
2021-W33,Thüringen,16,4,4381
2021-W34,Schleswig-Holstein,01,7,1642
2021-W34,Hamburg,02,6,1639
2021-W34,Niedersachsen,03,12,5841
2021-W34,Bremen,04,2,498
2021-W34,Nordrhein-Westfalen,05,42,17386
2021-W34,Hessen,06,13,7610
2021-W34,Rheinland-Pfalz,07,5,3898
2021-W34,Baden-Württemberg,08,26,10440
2021-W34,Bayern,09,11,15381
2021-W34,Saarland,10,1,1029
2021-W34,Berlin,11,9,3528
2021-W34,Brandenburg,12,4,3806
2021-W34,Mecklenburg-Vorpommern,13,3,1189
2021-W34,Sachsen,14,7,10163
2021-W34,Sachsen-Anhalt,15,4,3467
2021-W34,Thüringen,16,3,4384
2021-W35,Schleswig-Holstein,01,5,1647
2021-W35,Hamburg,02,13,1652
2021-W35,Niedersachsen,03,12,5853
2021-W35,Bremen,04,1,499
2021-W35,Nordrhein-Westfalen,05,61,17447
2021-W35,Hessen,06,12,7622
2021-W35,Rheinland-Pfalz,07,10,3908
2021-W35,Baden-Württemberg,08,37,10477
2021-W35,Bayern,09,34,15415
2021-W35,Saarland,10,4,1033
2021-W35,Berlin,11,6,3534
2021-W35,Brandenburg,12,4,3810
2021-W35,Mecklenburg-Vorpommern,13,4,1193
2021-W35,Sachsen,14,8,10171
2021-W35,Sachsen-Anhalt,15,25,3492
2021-W35,Thüringen,16,2,4386
2021-W36,Schleswig-Holstein,01,10,1657
2021-W36,Hamburg,02,5,1657
2021-W36,Niedersachsen,03,16,5869
2021-W36,Bremen,04,2,501
2021-W36,Nordrhein-Westfalen,05,88,17535
2021-W36,Hessen,06,24,7646
2021-W36,Rheinland-Pfalz,07,15,3923
2021-W36,Baden-Württemberg,08,34,10511
2021-W36,Bayern,09,50,15465
2021-W36,Saarland,10,5,1038
2021-W36,Berlin,11,5,3539
2021-W36,Brandenburg,12,1,3811
2021-W36,Mecklenburg-Vorpommern,13,2,1195
2021-W36,Sachsen,14,12,10183
2021-W36,Sachsen-Anhalt,15,3,3495
2021-W36,Thüringen,16,1,4387
2021-W37,Schleswig-Holstein,01,11,1668
2021-W37,Hamburg,02,32,1689
2021-W37,Niedersachsen,03,33,5902
2021-W37,Bremen,04,4,505
2021-W37,Nordrhein-Westfalen,05,89,17624
2021-W37,Hessen,06,32,7678
2021-W37,Rheinland-Pfalz,07,11,3934
2021-W37,Baden-Württemberg,08,65,10576
2021-W37,Bayern,09,54,15519
2021-W37,Saarland,10,5,1043
2021-W37,Berlin,11,14,3553
2021-W37,Brandenburg,12,6,3817
2021-W37,Mecklenburg-Vorpommern,13,1,1196
2021-W37,Sachsen,14,9,10192
2021-W37,Sachsen-Anhalt,15,24,3519
2021-W37,Thüringen,16,2,4389
2021-W38,Schleswig-Holstein,01,5,1673
2021-W38,Hamburg,02,28,1717
2021-W38,Niedersachsen,03,29,5931
2021-W38,Bremen,04,1,506
2021-W38,Nordrhein-Westfalen,05,105,17729
2021-W38,Hessen,06,26,7704
2021-W38,Rheinland-Pfalz,07,20,3954
2021-W38,Baden-Württemberg,08,40,10616
2021-W38,Bayern,09,75,15594
2021-W38,Saarland,10,2,1045
2021-W38,Berlin,11,8,3561
2021-W38,Brandenburg,12,9,3826
2021-W38,Mecklenburg-Vorpommern,13,2,1198
2021-W38,Sachsen,14,11,10203
2021-W38,Sachsen-Anhalt,15,15,3534
2021-W38,Thüringen,16,6,4395
2021-W39,Schleswig-Holstein,01,4,1677
2021-W39,Hamburg,02,22,1739
2021-W39,Niedersachsen,03,25,5956
2021-W39,Bremen,04,4,510
2021-W39,Nordrhein-Westfalen,05,107,17836
2021-W39,Hessen,06,33,7737
2021-W39,Rheinland-Pfalz,07,21,3975
2021-W39,Baden-Württemberg,08,46,10662
2021-W39,Bayern,09,71,15665
2021-W39,Saarland,10,4,1049
2021-W39,Berlin,11,4,3565
2021-W39,Brandenburg,12,9,3835
2021-W39,Mecklenburg-Vorpommern,13,4,1202
2021-W39,Sachsen,14,24,10227
2021-W39,Sachsen-Anhalt,15,7,3541
2021-W39,Thüringen,16,9,4404
2021-W40,Schleswig-Holstein,01,7,1684
2021-W40,Hamburg,02,13,1752
2021-W40,Niedersachsen,03,37,5993
2021-W40,Bremen,04,8,518
2021-W40,Nordrhein-Westfalen,05,73,17909
2021-W40,Hessen,06,28,7765
2021-W40,Rheinland-Pfalz,07,18,3993
2021-W40,Baden-Württemberg,08,68,10730
2021-W40,Bayern,09,95,15760
2021-W40,Saarland,10,3,1052
2021-W40,Berlin,11,19,3584
2021-W40,Brandenburg,12,14,3849
2021-W40,Mecklenburg-Vorpommern,13,4,1206
2021-W40,Sachsen,14,6,10233
2021-W40,Sachsen-Anhalt,15,9,3550
2021-W40,Thüringen,16,10,4414
2021-W41,Schleswig-Holstein,01,10,1694
2021-W41,Hamburg,02,9,1761
2021-W41,Niedersachsen,03,28,6021
2021-W41,Bremen,04,4,522
2021-W41,Nordrhein-Westfalen,05,94,18003
2021-W41,Hessen,06,20,7785
2021-W41,Rheinland-Pfalz,07,24,4017
2021-W41,Baden-Württemberg,08,67,10797
2021-W41,Bayern,09,92,15852
2021-W41,Saarland,10,4,1056
2021-W41,Berlin,11,17,3601
2021-W41,Brandenburg,12,5,3854
2021-W41,Mecklenburg-Vorpommern,13,6,1212
2021-W41,Sachsen,14,16,10249
2021-W41,Sachsen-Anhalt,15,12,3562
2021-W41,Thüringen,16,10,4424
2021-W42,Schleswig-Holstein,01,9,1703
2021-W42,Hamburg,02,24,1785
2021-W42,Niedersachsen,03,32,6053
2021-W42,Bremen,04,5,527
2021-W42,Nordrhein-Westfalen,05,92,18095
2021-W42,Hessen,06,23,7808
2021-W42,Rheinland-Pfalz,07,20,4037
2021-W42,Baden-Württemberg,08,58,10855
2021-W42,Bayern,09,96,15948
2021-W42,Saarland,10,3,1059
2021-W42,Berlin,11,13,3614
2021-W42,Brandenburg,12,36,3890
2021-W42,Mecklenburg-Vorpommern,13,12,1224
2021-W42,Sachsen,14,33,10282
2021-W42,Sachsen-Anhalt,15,10,3572
2021-W42,Thüringen,16,26,4450
2021-W43,Schleswig-Holstein,01,13,1716
2021-W43,Hamburg,02,34,1819
2021-W43,Niedersachsen,03,22,6075
2021-W43,Bremen,04,3,530
2021-W43,Nordrhein-Westfalen,05,99,18194
2021-W43,Hessen,06,32,7840
2021-W43,Rheinland-Pfalz,07,30,4067
2021-W43,Baden-Württemberg,08,109,10964
2021-W43,Bayern,09,116,16064
2021-W43,Saarland,10,3,1062
2021-W43,Berlin,11,28,3642
2021-W43,Brandenburg,12,22,3912
2021-W43,Mecklenburg-Vorpommern,13,17,1241
2021-W43,Sachsen,14,40,10322
2021-W43,Sachsen-Anhalt,15,11,3583
2021-W43,Thüringen,16,47,4497
2021-W44,Schleswig-Holstein,01,13,1729
2021-W44,Hamburg,02,16,1835
2021-W44,Niedersachsen,03,31,6106
2021-W44,Bremen,04,4,534
2021-W44,Nordrhein-Westfalen,05,124,18318
2021-W44,Hessen,06,48,7888
2021-W44,Rheinland-Pfalz,07,31,4098
2021-W44,Baden-Württemberg,08,102,11066
2021-W44,Bayern,09,175,16239
2021-W44,Saarland,10,7,1069
2021-W44,Berlin,11,29,3671
2021-W44,Brandenburg,12,28,3940
2021-W44,Mecklenburg-Vorpommern,13,20,1261
2021-W44,Sachsen,14,81,10403
2021-W44,Sachsen-Anhalt,15,26,3609
2021-W44,Thüringen,16,59,4556
2021-W45,Schleswig-Holstein,01,13,1742
2021-W45,Hamburg,02,9,1844
2021-W45,Niedersachsen,03,55,6161
2021-W45,Bremen,04,2,536
2021-W45,Nordrhein-Westfalen,05,149,18467
2021-W45,Hessen,06,72,7960
2021-W45,Rheinland-Pfalz,07,45,4143
2021-W45,Baden-Württemberg,08,154,11220
2021-W45,Bayern,09,306,16545
2021-W45,Saarland,10,10,1079
2021-W45,Berlin,11,25,3696
2021-W45,Brandenburg,12,31,3971
2021-W45,Mecklenburg-Vorpommern,13,16,1277
2021-W45,Sachsen,14,129,10532
2021-W45,Sachsen-Anhalt,15,33,3642
2021-W45,Thüringen,16,97,4653
2021-W46,Schleswig-Holstein,01,21,1763
2021-W46,Hamburg,02,22,1866
2021-W46,Niedersachsen,03,69,6230
2021-W46,Bremen,04,5,541
2021-W46,Nordrhein-Westfalen,05,183,18650
2021-W46,Hessen,06,67,8027
2021-W46,Rheinland-Pfalz,07,46,4189
2021-W46,Baden-Württemberg,08,198,11418
2021-W46,Bayern,09,380,16925
2021-W46,Saarland,10,12,1091
2021-W46,Berlin,11,21,3717
2021-W46,Brandenburg,12,55,4026
2021-W46,Mecklenburg-Vorpommern,13,13,1290
2021-W46,Sachsen,14,114,10646
2021-W46,Sachsen-Anhalt,15,46,3688
2021-W46,Thüringen,16,132,4785
2021-W47,Schleswig-Holstein,01,16,1779
2021-W47,Hamburg,02,19,1885
2021-W47,Niedersachsen,03,89,6319
2021-W47,Bremen,04,6,547
2021-W47,Nordrhein-Westfalen,05,224,18874
2021-W47,Hessen,06,80,8107
2021-W47,Rheinland-Pfalz,07,46,4235
2021-W47,Baden-Württemberg,08,234,11652
2021-W47,Bayern,09,456,17381
2021-W47,Saarland,10,16,1107
2021-W47,Berlin,11,45,3762
2021-W47,Brandenburg,12,58,4084
2021-W47,Mecklenburg-Vorpommern,13,30,1320
2021-W47,Sachsen,14,255,10901
2021-W47,Sachsen-Anhalt,15,91,3779
2021-W47,Thüringen,16,138,4923
2021-W48,Schleswig-Holstein,01,19,1798
2021-W48,Hamburg,02,15,1900
2021-W48,Niedersachsen,03,103,6422
2021-W48,Bremen,04,8,555
2021-W48,Nordrhein-Westfalen,05,300,19174
2021-W48,Hessen,06,86,8193
2021-W48,Rheinland-Pfalz,07,61,4296
2021-W48,Baden-Württemberg,08,262,11914
2021-W48,Bayern,09,532,17913
2021-W48,Saarland,10,14,1121
2021-W48,Berlin,11,30,3792
2021-W48,Brandenburg,12,113,4197
2021-W48,Mecklenburg-Vorpommern,13,28,1348
2021-W48,Sachsen,14,324,11225
2021-W48,Sachsen-Anhalt,15,63,3842
2021-W48,Thüringen,16,199,5122
2021-W49,Schleswig-Holstein,01,22,1820
2021-W49,Hamburg,02,22,1922
2021-W49,Niedersachsen,03,128,6550
2021-W49,Bremen,04,10,565
2021-W49,Nordrhein-Westfalen,05,292,19466
2021-W49,Hessen,06,105,8298
2021-W49,Rheinland-Pfalz,07,87,4383
2021-W49,Baden-Württemberg,08,314,12228
2021-W49,Bayern,09,638,18551
2021-W49,Saarland,10,25,1146
2021-W49,Berlin,11,68,3860
2021-W49,Brandenburg,12,121,4318
2021-W49,Mecklenburg-Vorpommern,13,26,1374
2021-W49,Sachsen,14,400,11625
2021-W49,Sachsen-Anhalt,15,112,3954
2021-W49,Thüringen,16,225,5347
2021-W50,Schleswig-Holstein,01,25,1845
2021-W50,Hamburg,02,29,1951
2021-W50,Niedersachsen,03,128,6678
2021-W50,Bremen,04,10,575
2021-W50,Nordrhein-Westfalen,05,333,19799
2021-W50,Hessen,06,91,8389
2021-W50,Rheinland-Pfalz,07,78,4461
2021-W50,Baden-Württemberg,08,297,12525
2021-W50,Bayern,09,445,18996
2021-W50,Saarland,10,48,1194
2021-W50,Berlin,11,39,3899
2021-W50,Brandenburg,12,136,4454
2021-W50,Mecklenburg-Vorpommern,13,47,1421
2021-W50,Sachsen,14,578,12203
2021-W50,Sachsen-Anhalt,15,128,4082
2021-W50,Thüringen,16,187,5534
2021-W51,Schleswig-Holstein,01,16,1861
2021-W51,Hamburg,02,16,1967
2021-W51,Niedersachsen,03,79,6757
2021-W51,Bremen,04,14,589
2021-W51,Nordrhein-Westfalen,05,280,20079
2021-W51,Hessen,06,95,8484
2021-W51,Rheinland-Pfalz,07,86,4547
2021-W51,Baden-Württemberg,08,222,12747
2021-W51,Bayern,09,376,19372
2021-W51,Saarland,10,30,1224
2021-W51,Berlin,11,24,3923
2021-W51,Brandenburg,12,132,4586
2021-W51,Mecklenburg-Vorpommern,13,27,1448
2021-W51,Sachsen,14,425,12628
2021-W51,Sachsen-Anhalt,15,106,4188
2021-W51,Thüringen,16,195,5729
2021-W52,Schleswig-Holstein,01,15,1876
2021-W52,Hamburg,02,25,1992
2021-W52,Niedersachsen,03,66,6823
2021-W52,Bremen,04,11,600
2021-W52,Nordrhein-Westfalen,05,244,20323
2021-W52,Hessen,06,63,8547
2021-W52,Rheinland-Pfalz,07,66,4613
2021-W52,Baden-Württemberg,08,236,12983
2021-W52,Bayern,09,305,19677
2021-W52,Saarland,10,15,1239
2021-W52,Berlin,11,28,3951
2021-W52,Brandenburg,12,97,4683
2021-W52,Mecklenburg-Vorpommern,13,29,1477
2021-W52,Sachsen,14,351,12979
2021-W52,Sachsen-Anhalt,15,89,4277
2021-W52,Thüringen,16,148,5877
2022-W01,Schleswig-Holstein,01,12,1888
2022-W01,Hamburg,02,32,2024
2022-W01,Niedersachsen,03,88,6911
2022-W01,Bremen,04,13,613
2022-W01,Nordrhein-Westfalen,05,226,20549
2022-W01,Hessen,06,54,8601
2022-W01,Rheinland-Pfalz,07,61,4674
2022-W01,Baden-Württemberg,08,190,13173
2022-W01,Bayern,09,230,19907
2022-W01,Saarland,10,17,1256
2022-W01,Berlin,11,23,3974
2022-W01,Brandenburg,12,112,4795
2022-W01,Mecklenburg-Vorpommern,13,38,1515
2022-W01,Sachsen,14,413,13392
2022-W01,Sachsen-Anhalt,15,124,4401
2022-W01,Thüringen,16,188,6065
2022-W02,Schleswig-Holstein,01,17,1905
2022-W02,Hamburg,02,18,2042
2022-W02,Niedersachsen,03,75,6986
2022-W02,Bremen,04,7,620
2022-W02,Nordrhein-Westfalen,05,165,20714
2022-W02,Hessen,06,52,8653
2022-W02,Rheinland-Pfalz,07,35,4709
2022-W02,Baden-Württemberg,08,213,13386
2022-W02,Bayern,09,236,20143
2022-W02,Saarland,10,35,1291
2022-W02,Berlin,11,28,4002
2022-W02,Brandenburg,12,75,4870
2022-W02,Mecklenburg-Vorpommern,13,55,1570
2022-W02,Sachsen,14,373,13765
2022-W02,Sachsen-Anhalt,15,73,4474
2022-W02,Thüringen,16,177,6242
2022-W03,Schleswig-Holstein,01,21,1926
2022-W03,Hamburg,02,25,2067
2022-W03,Niedersachsen,03,55,7041
2022-W03,Bremen,04,11,631
2022-W03,Nordrhein-Westfalen,05,150,20864
2022-W03,Hessen,06,46,8699
2022-W03,Rheinland-Pfalz,07,33,4742
2022-W03,Baden-Württemberg,08,102,13488
2022-W03,Bayern,09,132,20275
2022-W03,Saarland,10,16,1307
2022-W03,Berlin,11,16,4018
2022-W03,Brandenburg,12,87,4957
2022-W03,Mecklenburg-Vorpommern,13,36,1606
2022-W03,Sachsen,14,190,13955
2022-W03,Sachsen-Anhalt,15,68,4542
2022-W03,Thüringen,16,89,6331
2022-W04,Schleswig-Holstein,01,27,1953
2022-W04,Hamburg,02,53,2120
2022-W04,Niedersachsen,03,39,7080
2022-W04,Bremen,04,17,648
2022-W04,Nordrhein-Westfalen,05,192,21056
2022-W04,Hessen,06,71,8770
2022-W04,Rheinland-Pfalz,07,34,4776
2022-W04,Baden-Württemberg,08,124,13612
2022-W04,Bayern,09,125,20400
2022-W04,Saarland,10,14,1321
2022-W04,Berlin,11,23,4041
2022-W04,Brandenburg,12,41,4998
2022-W04,Mecklenburg-Vorpommern,13,24,1630
2022-W04,Sachsen,14,111,14066
2022-W04,Sachsen-Anhalt,15,57,4599
2022-W04,Thüringen,16,53,6384
2022-W05,Schleswig-Holstein,01,27,1980
2022-W05,Hamburg,02,41,2161
2022-W05,Niedersachsen,03,53,7133
2022-W05,Bremen,04,4,652
2022-W05,Nordrhein-Westfalen,05,179,21235
2022-W05,Hessen,06,84,8854
2022-W05,Rheinland-Pfalz,07,28,4804
2022-W05,Baden-Württemberg,08,118,13730
2022-W05,Bayern,09,201,20601
2022-W05,Saarland,10,11,1332
2022-W05,Berlin,11,28,4069
2022-W05,Brandenburg,12,23,5021
2022-W05,Mecklenburg-Vorpommern,13,24,1654
2022-W05,Sachsen,14,67,14133
2022-W05,Sachsen-Anhalt,15,33,4632
2022-W05,Thüringen,16,52,6436
2022-W06,Schleswig-Holstein,01,49,2029
2022-W06,Hamburg,02,39,2200
2022-W06,Niedersachsen,03,89,7222
2022-W06,Bremen,04,10,662
2022-W06,Nordrhein-Westfalen,05,248,21483
2022-W06,Hessen,06,99,8953
2022-W06,Rheinland-Pfalz,07,40,4844
2022-W06,Baden-Württemberg,08,125,13855
2022-W06,Bayern,09,212,20813
2022-W06,Saarland,10,13,1345
2022-W06,Berlin,11,32,4101
2022-W06,Brandenburg,12,55,5076
2022-W06,Mecklenburg-Vorpommern,13,34,1688
2022-W06,Sachsen,14,84,14217
2022-W06,Sachsen-Anhalt,15,41,4673
2022-W06,Thüringen,16,51,6487
2022-W07,Schleswig-Holstein,01,31,2060
2022-W07,Hamburg,02,60,2260
2022-W07,Niedersachsen,03,99,7321
2022-W07,Bremen,04,10,672
2022-W07,Nordrhein-Westfalen,05,354,21837
2022-W07,Hessen,06,100,9053
2022-W07,Rheinland-Pfalz,07,57,4901
2022-W07,Baden-Württemberg,08,159,14014
2022-W07,Bayern,09,212,21025
2022-W07,Saarland,10,17,1362
2022-W07,Berlin,11,44,4145
2022-W07,Brandenburg,12,52,5128
2022-W07,Mecklenburg-Vorpommern,13,31,1719
2022-W07,Sachsen,14,43,14260
2022-W07,Sachsen-Anhalt,15,35,4708
2022-W07,Thüringen,16,48,6535
2022-W08,Schleswig-Holstein,01,36,2096
2022-W08,Hamburg,02,25,2285
2022-W08,Niedersachsen,03,122,7443
2022-W08,Bremen,04,7,679
2022-W08,Nordrhein-Westfalen,05,335,22172
2022-W08,Hessen,06,99,9152
2022-W08,Rheinland-Pfalz,07,59,4960
2022-W08,Baden-Württemberg,08,182,14196
2022-W08,Bayern,09,264,21289
2022-W08,Saarland,10,30,1392
2022-W08,Berlin,11,32,4177
2022-W08,Brandenburg,12,46,5174
2022-W08,Mecklenburg-Vorpommern,13,31,1750
2022-W08,Sachsen,14,33,14293
2022-W08,Sachsen-Anhalt,15,39,4747
2022-W08,Thüringen,16,59,6594
2022-W09,Schleswig-Holstein,01,32,2128
2022-W09,Hamburg,02,27,2312
2022-W09,Niedersachsen,03,138,7581
2022-W09,Bremen,04,7,686
2022-W09,Nordrhein-Westfalen,05,319,22491
2022-W09,Hessen,06,92,9244
2022-W09,Rheinland-Pfalz,07,62,5022
2022-W09,Baden-Württemberg,08,180,14376
2022-W09,Bayern,09,273,21562
2022-W09,Saarland,10,13,1405
2022-W09,Berlin,11,34,4211
2022-W09,Brandenburg,12,41,5215
2022-W09,Mecklenburg-Vorpommern,13,43,1793
2022-W09,Sachsen,14,82,14375
2022-W09,Sachsen-Anhalt,15,48,4795
2022-W09,Thüringen,16,33,6627
2022-W10,Schleswig-Holstein,01,45,2173
2022-W10,Hamburg,02,23,2335
2022-W10,Niedersachsen,03,101,7682
2022-W10,Bremen,04,7,693
2022-W10,Nordrhein-Westfalen,05,271,22762
2022-W10,Hessen,06,98,9342
2022-W10,Rheinland-Pfalz,07,55,5077
2022-W10,Baden-Württemberg,08,222,14598
2022-W10,Bayern,09,296,21858
2022-W10,Saarland,10,24,1429
2022-W10,Berlin,11,21,4232
2022-W10,Brandenburg,12,71,5286
2022-W10,Mecklenburg-Vorpommern,13,58,1851
2022-W10,Sachsen,14,68,14443
2022-W10,Sachsen-Anhalt,15,64,4859
2022-W10,Thüringen,16,47,6674
2022-W11,Schleswig-Holstein,01,37,2210
2022-W11,Hamburg,02,9,2344
2022-W11,Niedersachsen,03,111,7793
2022-W11,Bremen,04,11,704
2022-W11,Nordrhein-Westfalen,05,326,23088
2022-W11,Hessen,06,116,9458
2022-W11,Rheinland-Pfalz,07,47,5124
2022-W11,Baden-Württemberg,08,139,14737
2022-W11,Bayern,09,204,22062
2022-W11,Saarland,10,36,1465
2022-W11,Berlin,11,23,4255
2022-W11,Brandenburg,12,46,5332
2022-W11,Mecklenburg-Vorpommern,13,44,1895
2022-W11,Sachsen,14,95,14538
2022-W11,Sachsen-Anhalt,15,45,4904
2022-W11,Thüringen,16,43,6717
2022-W12,Schleswig-Holstein,01,40,2250
2022-W12,Hamburg,02,23,2367
2022-W12,Niedersachsen,03,158,7951
2022-W12,Bremen,04,6,710
2022-W12,Nordrhein-Westfalen,05,308,23396
2022-W12,Hessen,06,69,9527
2022-W12,Rheinland-Pfalz,07,73,5197
2022-W12,Baden-Württemberg,08,169,14906
2022-W12,Bayern,09,291,22353
2022-W12,Saarland,10,28,1493
2022-W12,Berlin,11,30,4285
2022-W12,Brandenburg,12,46,5378
2022-W12,Mecklenburg-Vorpommern,13,56,1951
2022-W12,Sachsen,14,104,14642
2022-W12,Sachsen-Anhalt,15,68,4972
2022-W12,Thüringen,16,54,6771
2022-W13,Schleswig-Holstein,01,45,2295
2022-W13,Hamburg,02,23,2390
2022-W13,Niedersachsen,03,168,8119
2022-W13,Bremen,04,5,715
2022-W13,Nordrhein-Westfalen,05,325,23721
2022-W13,Hessen,06,85,9612
2022-W13,Rheinland-Pfalz,07,54,5251
2022-W13,Baden-Württemberg,08,187,15093
2022-W13,Bayern,09,269,22622
2022-W13,Saarland,10,34,1527
2022-W13,Berlin,11,30,4315
2022-W13,Brandenburg,12,47,5425
2022-W13,Mecklenburg-Vorpommern,13,62,2013
2022-W13,Sachsen,14,122,14764
2022-W13,Sachsen-Anhalt,15,55,5027
2022-W13,Thüringen,16,75,6846
2022-W14,Schleswig-Holstein,01,33,2328
2022-W14,Hamburg,02,41,2431
2022-W14,Niedersachsen,03,190,8309
2022-W14,Bremen,04,10,725
2022-W14,Nordrhein-Westfalen,05,265,23986
2022-W14,Hessen,06,69,9681
2022-W14,Rheinland-Pfalz,07,73,5324
2022-W14,Baden-Württemberg,08,224,15317
2022-W14,Bayern,09,295,22917
2022-W14,Saarland,10,22,1549
2022-W14,Berlin,11,21,4336
2022-W14,Brandenburg,12,38,5463
2022-W14,Mecklenburg-Vorpommern,13,47,2060
2022-W14,Sachsen,14,181,14945
2022-W14,Sachsen-Anhalt,15,79,5106
2022-W14,Thüringen,16,75,6921
2022-W15,Schleswig-Holstein,01,33,2361
2022-W15,Hamburg,02,42,2473
2022-W15,Niedersachsen,03,149,8458
2022-W15,Bremen,04,9,734
2022-W15,Nordrhein-Westfalen,05,250,24236
2022-W15,Hessen,06,62,9743
2022-W15,Rheinland-Pfalz,07,68,5392
2022-W15,Baden-Württemberg,08,143,15460
2022-W15,Bayern,09,191,23108
2022-W15,Saarland,10,24,1573
2022-W15,Berlin,11,20,4356
2022-W15,Brandenburg,12,22,5485
2022-W15,Mecklenburg-Vorpommern,13,37,2097
2022-W15,Sachsen,14,112,15057
2022-W15,Sachsen-Anhalt,15,43,5149
2022-W15,Thüringen,16,31,6952
2022-W16,Schleswig-Holstein,01,40,2401
2022-W16,Hamburg,02,24,2497
2022-W16,Niedersachsen,03,102,8560
2022-W16,Bremen,04,8,742
2022-W16,Nordrhein-Westfalen,05,213,24449
2022-W16,Hessen,06,78,9821
2022-W16,Rheinland-Pfalz,07,43,5435
2022-W16,Baden-Württemberg,08,131,15591
2022-W16,Bayern,09,209,23317
2022-W16,Saarland,10,27,1600
2022-W16,Berlin,11,31,4387
2022-W16,Brandenburg,12,40,5525
2022-W16,Mecklenburg-Vorpommern,13,37,2134
2022-W16,Sachsen,14,103,15160
2022-W16,Sachsen-Anhalt,15,59,5208
2022-W16,Thüringen,16,88,7040
2022-W17,Schleswig-Holstein,01,31,2432
2022-W17,Hamburg,02,26,2523
2022-W17,Niedersachsen,03,188,8748
2022-W17,Bremen,04,10,752
2022-W17,Nordrhein-Westfalen,05,258,24707
2022-W17,Hessen,06,72,9893
2022-W17,Rheinland-Pfalz,07,57,5492
2022-W17,Baden-Württemberg,08,115,15706
2022-W17,Bayern,09,210,23527
2022-W17,Saarland,10,22,1622
2022-W17,Berlin,11,27,4414
2022-W17,Brandenburg,12,28,5553
2022-W17,Mecklenburg-Vorpommern,13,17,2151
2022-W17,Sachsen,14,124,15284
2022-W17,Sachsen-Anhalt,15,47,5255
2022-W17,Thüringen,16,53,7093
2022-W18,Schleswig-Holstein,01,20,2452
2022-W18,Hamburg,02,49,2572
2022-W18,Niedersachsen,03,170,8918
2022-W18,Bremen,04,12,764
2022-W18,Nordrhein-Westfalen,05,182,24889
2022-W18,Hessen,06,79,9972
2022-W18,Rheinland-Pfalz,07,48,5540
2022-W18,Baden-Württemberg,08,113,15819
2022-W18,Bayern,09,129,23656
2022-W18,Saarland,10,12,1634
2022-W18,Berlin,11,24,4438
2022-W18,Brandenburg,12,32,5585
2022-W18,Mecklenburg-Vorpommern,13,17,2168
2022-W18,Sachsen,14,108,15392
2022-W18,Sachsen-Anhalt,15,28,5283
2022-W18,Thüringen,16,58,7151
2022-W19,Schleswig-Holstein,01,24,2476
2022-W19,Hamburg,02,45,2617
2022-W19,Niedersachsen,03,145,9063
2022-W19,Bremen,04,2,766
2022-W19,Nordrhein-Westfalen,05,178,25067
2022-W19,Hessen,06,47,10019
2022-W19,Rheinland-Pfalz,07,37,5577
2022-W19,Baden-Württemberg,08,88,15907
2022-W19,Bayern,09,168,23824
2022-W19,Saarland,10,14,1648
2022-W19,Berlin,11,44,4482
2022-W19,Brandenburg,12,34,5619
2022-W19,Mecklenburg-Vorpommern,13,28,2196
2022-W19,Sachsen,14,48,15440
2022-W19,Sachsen-Anhalt,15,25,5308
2022-W19,Thüringen,16,36,7187
2022-W20,Schleswig-Holstein,01,26,2502
2022-W20,Hamburg,02,20,2637
2022-W20,Niedersachsen,03,147,9210
2022-W20,Bremen,04,5,771
2022-W20,Nordrhein-Westfalen,05,153,25220
2022-W20,Hessen,06,31,10050
2022-W20,Rheinland-Pfalz,07,52,5629
2022-W20,Baden-Württemberg,08,79,15986
2022-W20,Bayern,09,107,23931
2022-W20,Saarland,10,8,1656
2022-W20,Berlin,11,23,4505
2022-W20,Brandenburg,12,26,5645
2022-W20,Mecklenburg-Vorpommern,13,15,2211
2022-W20,Sachsen,14,40,15480
2022-W20,Sachsen-Anhalt,15,28,5336
2022-W20,Thüringen,16,75,7262
2022-W21,Schleswig-Holstein,01,31,2533
2022-W21,Hamburg,02,6,2643
2022-W21,Niedersachsen,03,61,9271
2022-W21,Bremen,04,2,773
2022-W21,Nordrhein-Westfalen,05,110,25330
2022-W21,Hessen,06,49,10099
2022-W21,Rheinland-Pfalz,07,26,5655
2022-W21,Baden-Württemberg,08,72,16058
2022-W21,Bayern,09,79,24010
2022-W21,Saarland,10,6,1662
2022-W21,Berlin,11,32,4537
2022-W21,Brandenburg,12,13,5658
2022-W21,Mecklenburg-Vorpommern,13,10,2221
2022-W21,Sachsen,14,33,15513
2022-W21,Sachsen-Anhalt,15,11,5347
2022-W21,Thüringen,16,9,7271
2022-W22,Schleswig-Holstein,01,11,2544
2022-W22,Hamburg,02,12,2655
2022-W22,Niedersachsen,03,105,9376
2022-W22,Bremen,04,4,777
2022-W22,Nordrhein-Westfalen,05,90,25420
2022-W22,Hessen,06,61,10160
2022-W22,Rheinland-Pfalz,07,12,5667
2022-W22,Baden-Württemberg,08,40,16098
2022-W22,Bayern,09,79,24089
2022-W22,Saarland,10,18,1680
2022-W22,Berlin,11,10,4547
2022-W22,Brandenburg,12,12,5670
2022-W22,Mecklenburg-Vorpommern,13,8,2229
2022-W22,Sachsen,14,26,15539
2022-W22,Sachsen-Anhalt,15,18,5365
2022-W22,Thüringen,16,18,7289
2022-W23,Schleswig-Holstein,01,19,2563
2022-W23,Hamburg,02,21,2676
2022-W23,Niedersachsen,03,56,9432
2022-W23,Bremen,04,2,779
2022-W23,Nordrhein-Westfalen,05,56,25476
2022-W23,Hessen,06,44,10204
2022-W23,Rheinland-Pfalz,07,9,5676
2022-W23,Baden-Württemberg,08,44,16142
2022-W23,Bayern,09,65,24154
2022-W23,Saarland,10,5,1685
2022-W23,Berlin,11,10,4557
2022-W23,Brandenburg,12,16,5686
2022-W23,Mecklenburg-Vorpommern,13,8,2237
2022-W23,Sachsen,14,20,15559
2022-W23,Sachsen-Anhalt,15,11,5376
2022-W23,Thüringen,16,28,7317
2022-W24,Schleswig-Holstein,01,18,2581
2022-W24,Hamburg,02,15,2691
2022-W24,Niedersachsen,03,54,9486
2022-W24,Bremen,04,2,781
2022-W24,Nordrhein-Westfalen,05,65,25541
2022-W24,Hessen,06,35,10239
2022-W24,Rheinland-Pfalz,07,23,5699
2022-W24,Baden-Württemberg,08,40,16182
2022-W24,Bayern,09,55,24209
2022-W24,Saarland,10,0,1685
2022-W24,Berlin,11,6,4563
2022-W24,Brandenburg,12,14,5700
2022-W24,Mecklenburg-Vorpommern,13,5,2242
2022-W24,Sachsen,14,14,15573
2022-W24,Sachsen-Anhalt,15,15,5391
2022-W24,Thüringen,16,18,7335
2022-W25,Schleswig-Holstein,01,8,2589
2022-W25,Hamburg,02,22,2713
2022-W25,Niedersachsen,03,123,9609
2022-W25,Bremen,04,5,786
2022-W25,Nordrhein-Westfalen,05,105,25646
2022-W25,Hessen,06,65,10304
2022-W25,Rheinland-Pfalz,07,21,5720
2022-W25,Baden-Württemberg,08,47,16229
2022-W25,Bayern,09,95,24304
2022-W25,Saarland,10,13,1698
2022-W25,Berlin,11,5,4568
2022-W25,Brandenburg,12,7,5707
2022-W25,Mecklenburg-Vorpommern,13,8,2250
2022-W25,Sachsen,14,19,15592
2022-W25,Sachsen-Anhalt,15,9,5400
2022-W25,Thüringen,16,10,7345
2022-W26,Schleswig-Holstein,01,22,2611
2022-W26,Hamburg,02,11,2724
2022-W26,Niedersachsen,03,82,9691
2022-W26,Bremen,04,8,794
2022-W26,Nordrhein-Westfalen,05,79,25725
2022-W26,Hessen,06,64,10368
2022-W26,Rheinland-Pfalz,07,19,5739
2022-W26,Baden-Württemberg,08,85,16314
2022-W26,Bayern,09,121,24425
2022-W26,Saarland,10,5,1703
2022-W26,Berlin,11,10,4578
2022-W26,Brandenburg,12,6,5713
2022-W26,Mecklenburg-Vorpommern,13,8,2258
2022-W26,Sachsen,14,14,15606
2022-W26,Sachsen-Anhalt,15,14,5414
2022-W26,Thüringen,16,14,7359
2022-W27,Schleswig-Holstein,01,20,2631
2022-W27,Hamburg,02,18,2742
2022-W27,Niedersachsen,03,74,9765
2022-W27,Bremen,04,4,798
2022-W27,Nordrhein-Westfalen,05,113,25838
2022-W27,Hessen,06,65,10433
2022-W27,Rheinland-Pfalz,07,24,5763
2022-W27,Baden-Württemberg,08,54,16368
2022-W27,Bayern,09,110,24535
2022-W27,Saarland,10,11,1714
2022-W27,Berlin,11,12,4590
2022-W27,Brandenburg,12,10,5723
2022-W27,Mecklenburg-Vorpommern,13,11,2269
2022-W27,Sachsen,14,14,15620
2022-W27,Sachsen-Anhalt,15,13,5427
2022-W27,Thüringen,16,16,7375
2022-W28,Schleswig-Holstein,01,26,2657
2022-W28,Hamburg,02,13,2755
2022-W28,Niedersachsen,03,80,9845
2022-W28,Bremen,04,4,802
2022-W28,Nordrhein-Westfalen,05,155,25993
2022-W28,Hessen,06,78,10511
2022-W28,Rheinland-Pfalz,07,58,5821
2022-W28,Baden-Württemberg,08,65,16433
2022-W28,Bayern,09,75,24610
2022-W28,Saarland,10,12,1726
2022-W28,Berlin,11,15,4605
2022-W28,Brandenburg,12,11,5734
2022-W28,Mecklenburg-Vorpommern,13,9,2278
2022-W28,Sachsen,14,29,15649
2022-W28,Sachsen-Anhalt,15,15,5442
2022-W28,Thüringen,16,17,7392
2022-W29,Schleswig-Holstein,01,33,2690
2022-W29,Hamburg,02,34,2789
2022-W29,Niedersachsen,03,65,9910
2022-W29,Bremen,04,3,805
2022-W29,Nordrhein-Westfalen,05,166,26159
2022-W29,Hessen,06,40,10551
2022-W29,Rheinland-Pfalz,07,35,5856
2022-W29,Baden-Württemberg,08,50,16483
2022-W29,Bayern,09,129,24739
2022-W29,Saarland,10,18,1744
2022-W29,Berlin,11,10,4615
2022-W29,Brandenburg,12,15,5749
2022-W29,Mecklenburg-Vorpommern,13,18,2296
2022-W29,Sachsen,14,17,15666
2022-W29,Sachsen-Anhalt,15,17,5459
2022-W29,Thüringen,16,24,7416
2022-W30,Schleswig-Holstein,01,32,2722
2022-W30,Hamburg,02,36,2825
2022-W30,Niedersachsen,03,86,9996
2022-W30,Bremen,04,8,813
2022-W30,Nordrhein-Westfalen,05,178,26337
2022-W30,Hessen,06,48,10599
2022-W30,Rheinland-Pfalz,07,37,5893
2022-W30,Baden-Württemberg,08,94,16577
2022-W30,Bayern,09,132,24871
2022-W30,Saarland,10,12,1756
2022-W30,Berlin,11,20,4635
2022-W30,Brandenburg,12,14,5763
2022-W30,Mecklenburg-Vorpommern,13,29,2325
2022-W30,Sachsen,14,30,15696
2022-W30,Sachsen-Anhalt,15,23,5482
2022-W30,Thüringen,16,21,7437
2022-W31,Schleswig-Holstein,01,21,2743
2022-W31,Hamburg,02,26,2851
2022-W31,Niedersachsen,03,107,10103
2022-W31,Bremen,04,1,814
2022-W31,Nordrhein-Westfalen,05,177,26514
2022-W31,Hessen,06,96,10695
2022-W31,Rheinland-Pfalz,07,43,5936
2022-W31,Baden-Württemberg,08,93,16670
2022-W31,Bayern,09,124,24995
2022-W31,Saarland,10,16,1772
2022-W31,Berlin,11,15,4650
2022-W31,Brandenburg,12,28,5791
2022-W31,Mecklenburg-Vorpommern,13,20,2345
2022-W31,Sachsen,14,38,15734
2022-W31,Sachsen-Anhalt,15,53,5535
2022-W31,Thüringen,16,30,7467
2022-W32,Schleswig-Holstein,01,27,2770
2022-W32,Hamburg,02,42,2893
2022-W32,Niedersachsen,03,127,10230
2022-W32,Bremen,04,5,819
2022-W32,Nordrhein-Westfalen,05,150,26664
2022-W32,Hessen,06,56,10751
2022-W32,Rheinland-Pfalz,07,42,5978
2022-W32,Baden-Württemberg,08,57,16727
2022-W32,Bayern,09,153,25148
2022-W32,Saarland,10,10,1782
2022-W32,Berlin,11,13,4663
2022-W32,Brandenburg,12,19,5810
2022-W32,Mecklenburg-Vorpommern,13,17,2362
2022-W32,Sachsen,14,60,15794
2022-W32,Sachsen-Anhalt,15,44,5579
2022-W32,Thüringen,16,22,7489
2022-W33,Schleswig-Holstein,01,25,2795
2022-W33,Hamburg,02,27,2920
2022-W33,Niedersachsen,03,115,10345
2022-W33,Bremen,04,3,822
2022-W33,Nordrhein-Westfalen,05,152,26816
2022-W33,Hessen,06,62,10813
2022-W33,Rheinland-Pfalz,07,33,6011
2022-W33,Baden-Württemberg,08,104,16831
2022-W33,Bayern,09,136,25284
2022-W33,Saarland,10,15,1797
2022-W33,Berlin,11,33,4696
2022-W33,Brandenburg,12,27,5837
2022-W33,Mecklenburg-Vorpommern,13,20,2382
2022-W33,Sachsen,14,43,15837
2022-W33,Sachsen-Anhalt,15,36,5615
2022-W33,Thüringen,16,32,7521
2022-W34,Schleswig-Holstein,01,11,2806
2022-W34,Hamburg,02,32,2952
2022-W34,Niedersachsen,03,84,10429
2022-W34,Bremen,04,2,824
2022-W34,Nordrhein-Westfalen,05,119,26935
2022-W34,Hessen,06,58,10871
2022-W34,Rheinland-Pfalz,07,24,6035
2022-W34,Baden-Württemberg,08,50,16881
2022-W34,Bayern,09,78,25362
2022-W34,Saarland,10,7,1804
2022-W34,Berlin,11,16,4712
2022-W34,Brandenburg,12,15,5852
2022-W34,Mecklenburg-Vorpommern,13,18,2400
2022-W34,Sachsen,14,50,15887
2022-W34,Sachsen-Anhalt,15,17,5632
2022-W34,Thüringen,16,24,7545
2022-W35,Schleswig-Holstein,01,22,2828
2022-W35,Hamburg,02,28,2980
2022-W35,Niedersachsen,03,89,10518
2022-W35,Bremen,04,4,828
2022-W35,Nordrhein-Westfalen,05,139,27074
2022-W35,Hessen,06,41,10912
2022-W35,Rheinland-Pfalz,07,37,6072
2022-W35,Baden-Württemberg,08,86,16967
2022-W35,Bayern,09,95,25457
2022-W35,Saarland,10,9,1813
2022-W35,Berlin,11,12,4724
2022-W35,Brandenburg,12,12,5864
2022-W35,Mecklenburg-Vorpommern,13,18,2418
2022-W35,Sachsen,14,27,15914
2022-W35,Sachsen-Anhalt,15,17,5649
2022-W35,Thüringen,16,18,7563
2022-W36,Schleswig-Holstein,01,16,2844
2022-W36,Hamburg,02,28,3008
2022-W36,Niedersachsen,03,87,10605
2022-W36,Bremen,04,0,828
2022-W36,Nordrhein-Westfalen,05,92,27166
2022-W36,Hessen,06,49,10961
2022-W36,Rheinland-Pfalz,07,14,6086
2022-W36,Baden-Württemberg,08,62,17029
2022-W36,Bayern,09,84,25541
2022-W36,Saarland,10,6,1819
2022-W36,Berlin,11,9,4733
2022-W36,Brandenburg,12,7,5871
2022-W36,Mecklenburg-Vorpommern,13,10,2428
2022-W36,Sachsen,14,34,15948
2022-W36,Sachsen-Anhalt,15,30,5679
2022-W36,Thüringen,16,18,7581
2022-W37,Schleswig-Holstein,01,10,2854
2022-W37,Hamburg,02,10,3018
2022-W37,Niedersachsen,03,91,10696
2022-W37,Bremen,04,2,830
2022-W37,Nordrhein-Westfalen,05,78,27244
2022-W37,Hessen,06,50,11011
2022-W37,Rheinland-Pfalz,07,28,6114
2022-W37,Baden-Württemberg,08,153,17182
2022-W37,Bayern,09,110,25651
2022-W37,Saarland,10,6,1825
2022-W37,Berlin,11,19,4752
2022-W37,Brandenburg,12,15,5886
2022-W37,Mecklenburg-Vorpommern,13,12,2440
2022-W37,Sachsen,14,30,15978
2022-W37,Sachsen-Anhalt,15,11,5690
2022-W37,Thüringen,16,18,7599
2022-W38,Schleswig-Holstein,01,13,2867
2022-W38,Hamburg,02,37,3055
2022-W38,Niedersachsen,03,54,10750
2022-W38,Bremen,04,6,836
2022-W38,Nordrhein-Westfalen,05,96,27340
2022-W38,Hessen,06,33,11044
2022-W38,Rheinland-Pfalz,07,30,6144
2022-W38,Baden-Württemberg,08,49,17231
2022-W38,Bayern,09,112,25763
2022-W38,Saarland,10,7,1832
2022-W38,Berlin,11,11,4763
2022-W38,Brandenburg,12,12,5898
2022-W38,Mecklenburg-Vorpommern,13,13,2453
2022-W38,Sachsen,14,32,16010
2022-W38,Sachsen-Anhalt,15,10,5700
2022-W38,Thüringen,16,12,7611
2022-W39,Schleswig-Holstein,01,28,2895
2022-W39,Hamburg,02,10,3065
2022-W39,Niedersachsen,03,76,10826
2022-W39,Bremen,04,3,839
2022-W39,Nordrhein-Westfalen,05,151,27491
2022-W39,Hessen,06,38,11082
2022-W39,Rheinland-Pfalz,07,22,6166
2022-W39,Baden-Württemberg,08,61,17292
2022-W39,Bayern,09,70,25833
2022-W39,Saarland,10,10,1842
2022-W39,Berlin,11,26,4789
2022-W39,Brandenburg,12,18,5916
2022-W39,Mecklenburg-Vorpommern,13,7,2460
2022-W39,Sachsen,14,30,16040
2022-W39,Sachsen-Anhalt,15,20,5720
2022-W39,Thüringen,16,37,7648
2022-W40,Schleswig-Holstein,01,17,2912
2022-W40,Hamburg,02,8,3073
2022-W40,Niedersachsen,03,60,10886
2022-W40,Bremen,04,5,844
2022-W40,Nordrhein-Westfalen,05,102,27593
2022-W40,Hessen,06,39,11121
2022-W40,Rheinland-Pfalz,07,28,6194
2022-W40,Baden-Württemberg,08,40,17332
2022-W40,Bayern,09,77,25910
2022-W40,Saarland,10,7,1849
2022-W40,Berlin,11,11,4800
2022-W40,Brandenburg,12,18,5934
2022-W40,Mecklenburg-Vorpommern,13,16,2476
2022-W40,Sachsen,14,19,16059
2022-W40,Sachsen-Anhalt,15,11,5731
2022-W40,Thüringen,16,16,7664
2022-W41,Schleswig-Holstein,01,34,2946
2022-W41,Hamburg,02,25,3098
2022-W41,Niedersachsen,03,99,10985
2022-W41,Bremen,04,4,848
2022-W41,Nordrhein-Westfalen,05,137,27730
2022-W41,Hessen,06,56,11177
2022-W41,Rheinland-Pfalz,07,48,6242
2022-W41,Baden-Württemberg,08,105,17437
2022-W41,Bayern,09,181,26091
2022-W41,Saarland,10,15,1864
2022-W41,Berlin,11,17,4817
2022-W41,Brandenburg,12,33,5967
2022-W41,Mecklenburg-Vorpommern,13,19,2495
2022-W41,Sachsen,14,35,16094
2022-W41,Sachsen-Anhalt,15,52,5783
2022-W41,Thüringen,16,34,7698
2022-W42,Schleswig-Holstein,01,38,2984
2022-W42,Hamburg,02,16,3114
2022-W42,Niedersachsen,03,128,11113
2022-W42,Bremen,04,6,854
2022-W42,Nordrhein-Westfalen,05,200,27930
2022-W42,Hessen,06,104,11281
2022-W42,Rheinland-Pfalz,07,62,6304
2022-W42,Baden-Württemberg,08,132,17569
2022-W42,Bayern,09,169,26260
2022-W42,Saarland,10,23,1887
2022-W42,Berlin,11,21,4838
2022-W42,Brandenburg,12,32,5999
2022-W42,Mecklenburg-Vorpommern,13,14,2509
2022-W42,Sachsen,14,52,16146
2022-W42,Sachsen-Anhalt,15,20,5803
2022-W42,Thüringen,16,49,7747
2022-W43,Schleswig-Holstein,01,24,3008
2022-W43,Hamburg,02,18,3132
2022-W43,Niedersachsen,03,104,11217
2022-W43,Bremen,04,9,863
2022-W43,Nordrhein-Westfalen,05,200,28130
2022-W43,Hessen,06,93,11374
2022-W43,Rheinland-Pfalz,07,47,6351
2022-W43,Baden-Württemberg,08,127,17696
2022-W43,Bayern,09,208,26468
2022-W43,Saarland,10,24,1911
2022-W43,Berlin,11,41,4879
2022-W43,Brandenburg,12,35,6034
2022-W43,Mecklenburg-Vorpommern,13,15,2524
2022-W43,Sachsen,14,62,16208
2022-W43,Sachsen-Anhalt,15,36,5839
2022-W43,Thüringen,16,44,7791
2022-W44,Schleswig-Holstein,01,37,3045
2022-W44,Hamburg,02,34,3166
2022-W44,Niedersachsen,03,158,11375
2022-W44,Bremen,04,6,869
2022-W44,Nordrhein-Westfalen,05,190,28320
2022-W44,Hessen,06,87,11461
2022-W44,Rheinland-Pfalz,07,36,6387
2022-W44,Baden-Württemberg,08,90,17786
2022-W44,Bayern,09,134,26602
2022-W44,Saarland,10,18,1929
2022-W44,Berlin,11,42,4921
2022-W44,Brandenburg,12,35,6069
2022-W44,Mecklenburg-Vorpommern,13,9,2533
2022-W44,Sachsen,14,31,16239
2022-W44,Sachsen-Anhalt,15,41,5880
2022-W44,Thüringen,16,42,7833
2022-W45,Schleswig-Holstein,01,29,3074
2022-W45,Hamburg,02,36,3202
2022-W45,Niedersachsen,03,108,11483
2022-W45,Bremen,04,9,878
2022-W45,Nordrhein-Westfalen,05,198,28518
2022-W45,Hessen,06,51,11512
2022-W45,Rheinland-Pfalz,07,54,6441
2022-W45,Baden-Württemberg,08,138,17924
2022-W45,Bayern,09,194,26796
2022-W45,Saarland,10,12,1941
2022-W45,Berlin,11,54,4975
2022-W45,Brandenburg,12,28,6097
2022-W45,Mecklenburg-Vorpommern,13,18,2551
2022-W45,Sachsen,14,54,16293
2022-W45,Sachsen-Anhalt,15,45,5925
2022-W45,Thüringen,16,31,7864
2022-W46,Schleswig-Holstein,01,38,3112
2022-W46,Hamburg,02,17,3219
2022-W46,Niedersachsen,03,138,11621
2022-W46,Bremen,04,2,880
2022-W46,Nordrhein-Westfalen,05,212,28730
2022-W46,Hessen,06,74,11586
2022-W46,Rheinland-Pfalz,07,52,6493
2022-W46,Baden-Württemberg,08,70,17994
2022-W46,Bayern,09,143,26939
2022-W46,Saarland,10,11,1952
2022-W46,Berlin,11,83,5058
2022-W46,Brandenburg,12,42,6139
2022-W46,Mecklenburg-Vorpommern,13,15,2566
2022-W46,Sachsen,14,45,16338
2022-W46,Sachsen-Anhalt,15,75,6000
2022-W46,Thüringen,16,27,7891
2022-W47,Schleswig-Holstein,01,23,3135
2022-W47,Hamburg,02,24,3243
2022-W47,Niedersachsen,03,115,11736
2022-W47,Bremen,04,3,883
2022-W47,Nordrhein-Westfalen,05,193,28923
2022-W47,Hessen,06,58,11644
2022-W47,Rheinland-Pfalz,07,30,6523
2022-W47,Baden-Württemberg,08,175,18169
2022-W47,Bayern,09,123,27062
2022-W47,Saarland,10,3,1955
2022-W47,Berlin,11,41,5099
2022-W47,Brandenburg,12,23,6162
2022-W47,Mecklenburg-Vorpommern,13,14,2580
2022-W47,Sachsen,14,22,16360
2022-W47,Sachsen-Anhalt,15,14,6014
2022-W47,Thüringen,16,19,7910
2022-W48,Schleswig-Holstein,01,24,3159
2022-W48,Hamburg,02,24,3267
2022-W48,Niedersachsen,03,88,11824
2022-W48,Bremen,04,5,888
2022-W48,Nordrhein-Westfalen,05,189,29112
2022-W48,Hessen,06,67,11711
2022-W48,Rheinland-Pfalz,07,22,6545
2022-W48,Baden-Württemberg,08,74,18243
2022-W48,Bayern,09,80,27142
2022-W48,Saarland,10,19,1974
2022-W48,Berlin,11,17,5116
2022-W48,Brandenburg,12,29,6191
2022-W48,Mecklenburg-Vorpommern,13,7,2587
2022-W48,Sachsen,14,21,16381
2022-W48,Sachsen-Anhalt,15,20,6034
2022-W48,Thüringen,16,11,7921
2022-W49,Schleswig-Holstein,01,38,3197
2022-W49,Hamburg,02,30,3297
2022-W49,Niedersachsen,03,140,11964
2022-W49,Bremen,04,6,894
2022-W49,Nordrhein-Westfalen,05,167,29279
2022-W49,Hessen,06,60,11771
2022-W49,Rheinland-Pfalz,07,33,6578
2022-W49,Baden-Württemberg,08,71,18314
2022-W49,Bayern,09,72,27214
2022-W49,Saarland,10,7,1981
2022-W49,Berlin,11,25,5141
2022-W49,Brandenburg,12,27,6218
2022-W49,Mecklenburg-Vorpommern,13,13,2600
2022-W49,Sachsen,14,49,16430
2022-W49,Sachsen-Anhalt,15,14,6048
2022-W49,Thüringen,16,28,7949
2022-W50,Schleswig-Holstein,01,37,3234
2022-W50,Hamburg,02,35,3332
2022-W50,Niedersachsen,03,137,12101
2022-W50,Bremen,04,8,902
2022-W50,Nordrhein-Westfalen,05,215,29494
2022-W50,Hessen,06,52,11823
2022-W50,Rheinland-Pfalz,07,22,6600
2022-W50,Baden-Württemberg,08,85,18399
2022-W50,Bayern,09,132,27346
2022-W50,Saarland,10,12,1993
2022-W50,Berlin,11,29,5170
2022-W50,Brandenburg,12,28,6246
2022-W50,Mecklenburg-Vorpommern,13,21,2621
2022-W50,Sachsen,14,45,16475
2022-W50,Sachsen-Anhalt,15,21,6069
2022-W50,Thüringen,16,49,7998
2022-W51,Schleswig-Holstein,01,48,3282
2022-W51,Hamburg,02,19,3351
2022-W51,Niedersachsen,03,127,12228
2022-W51,Bremen,04,11,913
2022-W51,Nordrhein-Westfalen,05,227,29721
2022-W51,Hessen,06,34,11857
2022-W51,Rheinland-Pfalz,07,24,6624
2022-W51,Baden-Württemberg,08,87,18486
2022-W51,Bayern,09,97,27443
2022-W51,Saarland,10,6,1999
2022-W51,Berlin,11,37,5207
2022-W51,Brandenburg,12,36,6282
2022-W51,Mecklenburg-Vorpommern,13,15,2636
2022-W51,Sachsen,14,42,16517
2022-W51,Sachsen-Anhalt,15,18,6087
2022-W51,Thüringen,16,46,8044
2022-W52,Schleswig-Holstein,01,25,3307
2022-W52,Hamburg,02,25,3376
2022-W52,Niedersachsen,03,82,12310
2022-W52,Bremen,04,8,921
2022-W52,Nordrhein-Westfalen,05,136,29857
2022-W52,Hessen,06,39,11896
2022-W52,Rheinland-Pfalz,07,24,6648
2022-W52,Baden-Württemberg,08,93,18579
2022-W52,Bayern,09,96,27539
2022-W52,Saarland,10,14,2013
2022-W52,Berlin,11,28,5235
2022-W52,Brandenburg,12,24,6306
2022-W52,Mecklenburg-Vorpommern,13,22,2658
2022-W52,Sachsen,14,28,16545
2022-W52,Sachsen-Anhalt,15,19,6106
2022-W52,Thüringen,16,36,8080
2023-W01,Schleswig-Holstein,01,54,3361
2023-W01,Hamburg,02,43,3419
2023-W01,Niedersachsen,03,194,12504
2023-W01,Bremen,04,16,937
2023-W01,Nordrhein-Westfalen,05,278,30135
2023-W01,Hessen,06,84,11980
2023-W01,Rheinland-Pfalz,07,57,6705
2023-W01,Baden-Württemberg,08,67,18646
2023-W01,Bayern,09,89,27628
2023-W01,Saarland,10,20,2033
2023-W01,Berlin,11,79,5314
2023-W01,Brandenburg,12,38,6344
2023-W01,Mecklenburg-Vorpommern,13,32,2690
2023-W01,Sachsen,14,79,16624
2023-W01,Sachsen-Anhalt,15,37,6143
2023-W01,Thüringen,16,58,8138
2023-W02,Schleswig-Holstein,01,29,3390
2023-W02,Hamburg,02,38,3457
2023-W02,Niedersachsen,03,240,12744
2023-W02,Bremen,04,5,942
2023-W02,Nordrhein-Westfalen,05,235,30370
2023-W02,Hessen,06,55,12035
2023-W02,Rheinland-Pfalz,07,43,6748
2023-W02,Baden-Württemberg,08,95,18741
2023-W02,Bayern,09,163,27791
2023-W02,Saarland,10,6,2039
2023-W02,Berlin,11,29,5343
2023-W02,Brandenburg,12,36,6380
2023-W02,Mecklenburg-Vorpommern,13,19,2709
2023-W02,Sachsen,14,41,16665
2023-W02,Sachsen-Anhalt,15,25,6168
2023-W02,Thüringen,16,29,8167
2023-W03,Schleswig-Holstein,01,23,3413
2023-W03,Hamburg,02,32,3489
2023-W03,Niedersachsen,03,162,12906
2023-W03,Bremen,04,8,950
2023-W03,Nordrhein-Westfalen,05,236,30606
2023-W03,Hessen,06,45,12080
2023-W03,Rheinland-Pfalz,07,27,6775
2023-W03,Baden-Württemberg,08,86,18827
2023-W03,Bayern,09,157,27948
2023-W03,Saarland,10,12,2051
2023-W03,Berlin,11,17,5360
2023-W03,Brandenburg,12,27,6407
2023-W03,Mecklenburg-Vorpommern,13,19,2728
2023-W03,Sachsen,14,43,16708
2023-W03,Sachsen-Anhalt,15,15,6183
2023-W03,Thüringen,16,23,8190
2023-W04,Schleswig-Holstein,01,26,3439
2023-W04,Hamburg,02,20,3509
2023-W04,Niedersachsen,03,141,13047
2023-W04,Bremen,04,2,952
2023-W04,Nordrhein-Westfalen,05,157,30763
2023-W04,Hessen,06,47,12127
2023-W04,Rheinland-Pfalz,07,25,6800
2023-W04,Baden-Württemberg,08,101,18928
2023-W04,Bayern,09,85,28033
2023-W04,Saarland,10,21,2072
2023-W04,Berlin,11,33,5393
2023-W04,Brandenburg,12,18,6425
2023-W04,Mecklenburg-Vorpommern,13,4,2732
2023-W04,Sachsen,14,23,16731
2023-W04,Sachsen-Anhalt,15,17,6200
2023-W04,Thüringen,16,27,8217
2023-W05,Schleswig-Holstein,01,7,3446
2023-W05,Hamburg,02,42,3551
2023-W05,Niedersachsen,03,174,13221
2023-W05,Bremen,04,4,956
2023-W05,Nordrhein-Westfalen,05,101,30864
2023-W05,Hessen,06,73,12200
2023-W05,Rheinland-Pfalz,07,38,6838
2023-W05,Baden-Württemberg,08,62,18990
2023-W05,Bayern,09,85,28118
2023-W05,Saarland,10,14,2086
2023-W05,Berlin,11,23,5416
2023-W05,Brandenburg,12,17,6442
2023-W05,Mecklenburg-Vorpommern,13,1,2733
2023-W05,Sachsen,14,14,16745
2023-W05,Sachsen-Anhalt,15,19,6219
2023-W05,Thüringen,16,7,8224
2023-W06,Schleswig-Holstein,01,9,3455
2023-W06,Hamburg,02,12,3563
2023-W06,Niedersachsen,03,129,13350
2023-W06,Bremen,04,4,960
2023-W06,Nordrhein-Westfalen,05,116,30980
2023-W06,Hessen,06,40,12240
2023-W06,Rheinland-Pfalz,07,23,6861
2023-W06,Baden-Württemberg,08,73,19063
2023-W06,Bayern,09,96,28214
2023-W06,Saarland,10,16,2102
2023-W06,Berlin,11,39,5455
2023-W06,Brandenburg,12,14,6456
2023-W06,Mecklenburg-Vorpommern,13,14,2747
2023-W06,Sachsen,14,12,16757
2023-W06,Sachsen-Anhalt,15,8,6227
2023-W06,Thüringen,16,26,8250
2023-W07,Schleswig-Holstein,01,5,3460
2023-W07,Hamburg,02,30,3593
2023-W07,Niedersachsen,03,101,13451
2023-W07,Bremen,04,1,961
2023-W07,Nordrhein-Westfalen,05,104,31084
2023-W07,Hessen,06,33,12273
2023-W07,Rheinland-Pfalz,07,42,6903
2023-W07,Baden-Württemberg,08,38,19101
2023-W07,Bayern,09,103,28317
2023-W07,Saarland,10,5,2107
2023-W07,Berlin,11,35,5490
2023-W07,Brandenburg,12,7,6463
2023-W07,Mecklenburg-Vorpommern,13,5,2752
2023-W07,Sachsen,14,21,16778
2023-W07,Sachsen-Anhalt,15,7,6234
2023-W07,Thüringen,16,8,8258
2023-W08,Schleswig-Holstein,01,4,3464
2023-W08,Hamburg,02,6,3599
2023-W08,Niedersachsen,03,86,13537
2023-W08,Bremen,04,1,962
2023-W08,Nordrhein-Westfalen,05,107,31191
2023-W08,Hessen,06,40,12313
2023-W08,Rheinland-Pfalz,07,27,6930
2023-W08,Baden-Württemberg,08,71,19172
2023-W08,Bayern,09,112,28429
2023-W08,Saarland,10,4,2111
2023-W08,Berlin,11,26,5516
2023-W08,Brandenburg,12,9,6472
2023-W08,Mecklenburg-Vorpommern,13,4,2756
2023-W08,Sachsen,14,11,16789
2023-W08,Sachsen-Anhalt,15,11,6245
2023-W08,Thüringen,16,10,8268
2023-W09,Schleswig-Holstein,01,9,3473
2023-W09,Hamburg,02,12,3611
2023-W09,Niedersachsen,03,94,13631
2023-W09,Bremen,04,2,964
2023-W09,Nordrhein-Westfalen,05,111,31302
2023-W09,Hessen,06,53,12366
2023-W09,Rheinland-Pfalz,07,21,6951
2023-W09,Baden-Württemberg,08,58,19230
2023-W09,Bayern,09,132,28561
2023-W09,Saarland,10,13,2124
2023-W09,Berlin,11,21,5537
2023-W09,Brandenburg,12,19,6491
2023-W09,Mecklenburg-Vorpommern,13,6,2762
2023-W09,Sachsen,14,10,16799
2023-W09,Sachsen-Anhalt,15,10,6255
2023-W09,Thüringen,16,18,8286
2023-W10,Schleswig-Holstein,01,8,3481
2023-W10,Hamburg,02,11,3622
2023-W10,Niedersachsen,03,95,13726
2023-W10,Bremen,04,4,968
2023-W10,Nordrhein-Westfalen,05,115,31417
2023-W10,Hessen,06,77,12443
2023-W10,Rheinland-Pfalz,07,21,6972
2023-W10,Baden-Württemberg,08,84,19314
2023-W10,Bayern,09,132,28693
2023-W10,Saarland,10,13,2137
2023-W10,Berlin,11,20,5557
2023-W10,Brandenburg,12,15,6506
2023-W10,Mecklenburg-Vorpommern,13,8,2770
2023-W10,Sachsen,14,29,16828
2023-W10,Sachsen-Anhalt,15,10,6265
2023-W10,Thüringen,16,16,8302
2023-W11,Schleswig-Holstein,01,15,3496
2023-W11,Hamburg,02,12,3634
2023-W11,Niedersachsen,03,57,13783
2023-W11,Bremen,04,7,975
2023-W11,Nordrhein-Westfalen,05,140,31557
2023-W11,Hessen,06,42,12485
2023-W11,Rheinland-Pfalz,07,23,6995
2023-W11,Baden-Württemberg,08,78,19392
2023-W11,Bayern,09,133,28826
2023-W11,Saarland,10,10,2147
2023-W11,Berlin,11,27,5584
2023-W11,Brandenburg,12,16,6522
2023-W11,Mecklenburg-Vorpommern,13,2,2772
2023-W11,Sachsen,14,10,16838
2023-W11,Sachsen-Anhalt,15,14,6279
2023-W11,Thüringen,16,20,8322
2023-W12,Schleswig-Holstein,01,10,3506
2023-W12,Hamburg,02,11,3645
2023-W12,Niedersachsen,03,90,13873
2023-W12,Bremen,04,9,984
2023-W12,Nordrhein-Westfalen,05,191,31748
2023-W12,Hessen,06,53,12538
2023-W12,Rheinland-Pfalz,07,30,7025
2023-W12,Baden-Württemberg,08,61,19453
2023-W12,Bayern,09,99,28925
2023-W12,Saarland,10,9,2156
2023-W12,Berlin,11,25,5609
2023-W12,Brandenburg,12,15,6537
2023-W12,Mecklenburg-Vorpommern,13,11,2783
2023-W12,Sachsen,14,43,16881
2023-W12,Sachsen-Anhalt,15,17,6296
2023-W12,Thüringen,16,10,8332
2023-W13,Schleswig-Holstein,01,23,3529
2023-W13,Hamburg,02,8,3653
2023-W13,Niedersachsen,03,61,13934
2023-W13,Bremen,04,9,993
2023-W13,Nordrhein-Westfalen,05,148,31896
2023-W13,Hessen,06,42,12580
2023-W13,Rheinland-Pfalz,07,46,7071
2023-W13,Baden-Württemberg,08,52,19505
2023-W13,Bayern,09,90,29015
2023-W13,Saarland,10,15,2171
2023-W13,Berlin,11,44,5653
2023-W13,Brandenburg,12,26,6563
2023-W13,Mecklenburg-Vorpommern,13,15,2798
2023-W13,Sachsen,14,15,16896
2023-W13,Sachsen-Anhalt,15,20,6316
2023-W13,Thüringen,16,20,8352
2023-W14,Schleswig-Holstein,01,8,3537
2023-W14,Hamburg,02,13,3666
2023-W14,Niedersachsen,03,69,14003
2023-W14,Bremen,04,1,994
2023-W14,Nordrhein-Westfalen,05,72,31968
2023-W14,Hessen,06,44,12624
2023-W14,Rheinland-Pfalz,07,34,7105
2023-W14,Baden-Württemberg,08,35,19540
2023-W14,Bayern,09,80,29095
2023-W14,Saarland,10,5,2176
2023-W14,Berlin,11,21,5674
2023-W14,Brandenburg,12,15,6578
2023-W14,Mecklenburg-Vorpommern,13,4,2802
2023-W14,Sachsen,14,28,16924
2023-W14,Sachsen-Anhalt,15,9,6325
2023-W14,Thüringen,16,6,8358
2023-W15,Schleswig-Holstein,01,20,3557
2023-W15,Hamburg,02,28,3694
2023-W15,Niedersachsen,03,70,14073
2023-W15,Bremen,04,8,1002
2023-W15,Nordrhein-Westfalen,05,108,32076
2023-W15,Hessen,06,78,12702
2023-W15,Rheinland-Pfalz,07,19,7124
2023-W15,Baden-Württemberg,08,49,19589
2023-W15,Bayern,09,100,29195
2023-W15,Saarland,10,9,2185
2023-W15,Berlin,11,8,5682
2023-W15,Brandenburg,12,26,6604
2023-W15,Mecklenburg-Vorpommern,13,11,2813
2023-W15,Sachsen,14,8,16932
2023-W15,Sachsen-Anhalt,15,14,6339
2023-W15,Thüringen,16,17,8375
2023-W16,Schleswig-Holstein,01,5,3562
2023-W16,Hamburg,02,10,3704
2023-W16,Niedersachsen,03,81,14154
2023-W16,Bremen,04,6,1008
2023-W16,Nordrhein-Westfalen,05,105,32181
2023-W16,Hessen,06,39,12741
2023-W16,Rheinland-Pfalz,07,18,7142
2023-W16,Baden-Württemberg,08,42,19631
2023-W16,Bayern,09,124,29319
2023-W16,Saarland,10,3,2188
2023-W16,Berlin,11,28,5710
2023-W16,Brandenburg,12,14,6618
2023-W16,Mecklenburg-Vorpommern,13,9,2822
2023-W16,Sachsen,14,17,16949
2023-W16,Sachsen-Anhalt,15,22,6361
2023-W16,Thüringen,16,17,8392
2023-W17,Schleswig-Holstein,01,21,3583
2023-W17,Hamburg,02,17,3721
2023-W17,Niedersachsen,03,59,14213
2023-W17,Bremen,04,1,1009
2023-W17,Nordrhein-Westfalen,05,120,32301
2023-W17,Hessen,06,18,12759
2023-W17,Rheinland-Pfalz,07,28,7170
2023-W17,Baden-Württemberg,08,34,19665
2023-W17,Bayern,09,101,29420
2023-W17,Saarland,10,6,2194
2023-W17,Berlin,11,35,5745
2023-W17,Brandenburg,12,16,6634
2023-W17,Mecklenburg-Vorpommern,13,5,2827
2023-W17,Sachsen,14,26,16975
2023-W17,Sachsen-Anhalt,15,17,6378
2023-W17,Thüringen,16,11,8403
2023-W18,Schleswig-Holstein,01,6,3589
2023-W18,Hamburg,02,2,3723
2023-W18,Niedersachsen,03,61,14274
2023-W18,Bremen,04,2,1011
2023-W18,Nordrhein-Westfalen,05,59,32360
2023-W18,Hessen,06,18,12777
2023-W18,Rheinland-Pfalz,07,7,7177
2023-W18,Baden-Württemberg,08,31,19696
2023-W18,Bayern,09,117,29537
2023-W18,Saarland,10,0,2194
2023-W18,Berlin,11,14,5759
2023-W18,Brandenburg,12,13,6647
2023-W18,Mecklenburg-Vorpommern,13,10,2837
2023-W18,Sachsen,14,10,16985
2023-W18,Sachsen-Anhalt,15,4,6382
2023-W18,Thüringen,16,7,8410
2023-W19,Schleswig-Holstein,01,12,3601
2023-W19,Hamburg,02,13,3736
2023-W19,Niedersachsen,03,60,14334
2023-W19,Bremen,04,1,1012
2023-W19,Nordrhein-Westfalen,05,44,32404
2023-W19,Hessen,06,19,12796
2023-W19,Rheinland-Pfalz,07,13,7190
2023-W19,Baden-Württemberg,08,33,19729
2023-W19,Bayern,09,123,29660
2023-W19,Saarland,10,3,2197
2023-W19,Berlin,11,47,5806
2023-W19,Brandenburg,12,8,6655
2023-W19,Mecklenburg-Vorpommern,13,5,2842
2023-W19,Sachsen,14,21,17006
2023-W19,Sachsen-Anhalt,15,8,6390
2023-W19,Thüringen,16,12,8422
2023-W20,Schleswig-Holstein,01,6,3607
2023-W20,Hamburg,02,9,3745
2023-W20,Niedersachsen,03,30,14364
2023-W20,Bremen,04,0,1012
2023-W20,Nordrhein-Westfalen,05,45,32449
2023-W20,Hessen,06,26,12822
2023-W20,Rheinland-Pfalz,07,6,7196
2023-W20,Baden-Württemberg,08,18,19747
2023-W20,Bayern,09,23,29683
2023-W20,Saarland,10,4,2201
2023-W20,Berlin,11,5,5811
2023-W20,Brandenburg,12,3,6658
2023-W20,Mecklenburg-Vorpommern,13,3,2845
2023-W20,Sachsen,14,8,17014
2023-W20,Sachsen-Anhalt,15,6,6396
2023-W20,Thüringen,16,6,8428
2023-W21,Schleswig-Holstein,01,8,3615
2023-W21,Hamburg,02,14,3759
2023-W21,Niedersachsen,03,50,14414
2023-W21,Bremen,04,0,1012
2023-W21,Nordrhein-Westfalen,05,35,32484
2023-W21,Hessen,06,31,12853
2023-W21,Rheinland-Pfalz,07,7,7203
2023-W21,Baden-Württemberg,08,13,19760
2023-W21,Bayern,09,41,29724
2023-W21,Saarland,10,2,2203
2023-W21,Berlin,11,7,5818
2023-W21,Brandenburg,12,14,6672
2023-W21,Mecklenburg-Vorpommern,13,1,2846
2023-W21,Sachsen,14,12,17026
2023-W21,Sachsen-Anhalt,15,6,6402
2023-W21,Thüringen,16,6,8434
2023-W22,Schleswig-Holstein,01,3,3618
2023-W22,Hamburg,02,12,3771
2023-W22,Niedersachsen,03,36,14450
2023-W22,Bremen,04,0,1012
2023-W22,Nordrhein-Westfalen,05,27,32511
2023-W22,Hessen,06,3,12856
2023-W22,Rheinland-Pfalz,07,1,7204
2023-W22,Baden-Württemberg,08,14,19774
2023-W22,Bayern,09,27,29751
2023-W22,Saarland,10,1,2204
2023-W22,Berlin,11,7,5825
2023-W22,Brandenburg,12,1,6673
2023-W22,Mecklenburg-Vorpommern,13,4,2850
2023-W22,Sachsen,14,0,17026
2023-W22,Sachsen-Anhalt,15,8,6410
2023-W22,Thüringen,16,5,8439
2023-W23,Schleswig-Holstein,01,7,3625
2023-W23,Hamburg,02,15,3786
2023-W23,Niedersachsen,03,20,14470
2023-W23,Bremen,04,0,1012
2023-W23,Nordrhein-Westfalen,05,8,32519
2023-W23,Hessen,06,12,12868
2023-W23,Rheinland-Pfalz,07,1,7205
2023-W23,Baden-Württemberg,08,17,19791
2023-W23,Bayern,09,17,29768
2023-W23,Saarland,10,0,2204
2023-W23,Berlin,11,7,5832
2023-W23,Brandenburg,12,6,6679
2023-W23,Mecklenburg-Vorpommern,13,0,2850
2023-W23,Sachsen,14,9,17035
2023-W23,Sachsen-Anhalt,15,2,6412
2023-W23,Thüringen,16,8,8447
2023-W24,Schleswig-Holstein,01,4,3629
2023-W24,Hamburg,02,5,3791
2023-W24,Niedersachsen,03,49,14519
2023-W24,Bremen,04,0,1012
2023-W24,Nordrhein-Westfalen,05,20,32539
2023-W24,Hessen,06,28,12896
2023-W24,Rheinland-Pfalz,07,5,7210
2023-W24,Baden-Württemberg,08,10,19801
2023-W24,Bayern,09,27,29795
2023-W24,Saarland,10,0,2204
2023-W24,Berlin,11,3,5835
2023-W24,Brandenburg,12,2,6681
2023-W24,Mecklenburg-Vorpommern,13,4,2854
2023-W24,Sachsen,14,4,17039
2023-W24,Sachsen-Anhalt,15,3,6415
2023-W24,Thüringen,16,6,8453
2023-W25,Schleswig-Holstein,01,2,3631
2023-W25,Hamburg,02,12,3803
2023-W25,Niedersachsen,03,36,14555
2023-W25,Bremen,04,0,1012
2023-W25,Nordrhein-Westfalen,05,20,32559
2023-W25,Hessen,06,12,12908
2023-W25,Rheinland-Pfalz,07,6,7216
2023-W25,Baden-Württemberg,08,12,19813
2023-W25,Bayern,09,11,29806
2023-W25,Saarland,10,1,2205
2023-W25,Berlin,11,0,5835
2023-W25,Brandenburg,12,1,6682
2023-W25,Mecklenburg-Vorpommern,13,1,2855
2023-W25,Sachsen,14,3,17042
2023-W25,Sachsen-Anhalt,15,2,6417
2023-W25,Thüringen,16,5,8458
